<?xml version = '1.0' encoding = 'UTF-8'?>
<Diagram class="oracle.dbtools.crest.swingui.relational.DPVRelational" name="Relational_1" id="B30B0373-8713-0598-B31A-978AE942E081">
<createdBy>kvetinac97</createdBy>
<modifiedBy>kvetinac97</modifiedBy>
<createdTime>2020-03-02 16:59:18 UTC</createdTime>
<autoRoute>false</autoRoute>
<boxInbox>true</boxInbox>
<showLegend>false</showLegend>
<showLabels>false</showLabels>
<showRelAttributes>false</showRelAttributes>
<gridEnabled>false</gridEnabled>
<showGrid>false</showGrid>
<diagramColor>-1</diagramColor>
<display>false</display>
<notation>1</notation>
<objectViews>
<OView class="oracle.dbtools.crest.swingui.relational.TVTable" oid="3B87B76C-2111-A36F-0D72-6373D4C2952D" otype="Table" vid="C4B69566-CB42-7EEF-7CD7-0DF3373E6D22">
<hideElementsInCurrentOnly>false</hideElementsInCurrentOnly>
<bounds x="876" y="603" width="192" height="128"/>
</OView>
<OView class="oracle.dbtools.crest.swingui.relational.TVTable" oid="5203DC83-58DE-91AD-D565-61F8DB540AAF" otype="Table" vid="FAA9259F-3CA2-C27D-3232-E95E90EE7C00">
<hideElementsInCurrentOnly>false</hideElementsInCurrentOnly>
<bounds x="459" y="313" width="217" height="102"/>
</OView>
<OView class="oracle.dbtools.crest.swingui.relational.TVTable" oid="6B868E0A-0C62-9E03-20C7-99F43EC4CB24" otype="Table" vid="B5CDC25A-B4F7-03A0-BA5E-230C1D5DEB33">
<hideElementsInCurrentOnly>false</hideElementsInCurrentOnly>
<bounds x="471" y="69" width="312" height="134"/>
</OView>
<OView class="oracle.dbtools.crest.swingui.relational.TVTable" oid="90B59A3A-7ED9-EF18-C166-2A5356B409B2" otype="Table" vid="1FE14412-B3EF-54BE-AEED-79DA8060C83C">
<hideElementsInCurrentOnly>false</hideElementsInCurrentOnly>
<bounds x="891" y="160" width="200" height="167"/>
</OView>
<OView class="oracle.dbtools.crest.swingui.relational.TVTable" oid="AE2DDA42-9CEC-65DE-DA63-03594FE53709" otype="Table" vid="D9A7D1F5-B072-B319-27EF-7E8809D88ADD">
<hideElementsInCurrentOnly>false</hideElementsInCurrentOnly>
<bounds x="487" y="522" width="179" height="160"/>
</OView>
<OView class="oracle.dbtools.crest.swingui.relational.TVTable" oid="C072432F-CF74-DFE7-D69C-3C68BE2CA177" otype="Table" vid="D976068E-99C2-7A5B-45CC-AE91BFFFEAAE">
<hideElementsInCurrentOnly>false</hideElementsInCurrentOnly>
<bounds x="114" y="736" width="254" height="222"/>
</OView>
<OView class="oracle.dbtools.crest.swingui.relational.TVTable" oid="C38BBCBC-D4F4-1B29-E887-E25597BEE550" otype="Table" vid="5C8B1A5F-1B25-8238-7242-D1CAC2117C1C">
<hideElementsInCurrentOnly>false</hideElementsInCurrentOnly>
<bounds x="113" y="282" width="224" height="160"/>
</OView>
<OView class="oracle.dbtools.crest.swingui.relational.TVTable" oid="C80287A9-F1E0-0126-FDDC-37924DD060B8" otype="Table" vid="80CCA692-3F20-CCD6-7241-8DD2BA0B12D8">
<hideElementsInCurrentOnly>false</hideElementsInCurrentOnly>
<bounds x="845" y="391" width="271" height="147"/>
</OView>
<OView class="oracle.dbtools.crest.swingui.relational.TVTable" oid="CC13DB3C-5177-1142-98D0-EC4411222BBC" otype="Table" vid="66D0CB49-04F1-B86E-DBE8-463718F691BF">
<hideElementsInCurrentOnly>false</hideElementsInCurrentOnly>
<bounds x="482" y="772" width="299" height="180"/>
</OView>
<OView class="oracle.dbtools.crest.swingui.relational.TVTable" oid="F60FC951-03B8-DBB6-51CF-C9999F5D7AAB" otype="Table" vid="F372D4F8-FB72-AF5F-98CE-53B4EA2ED2C5">
<hideElementsInCurrentOnly>false</hideElementsInCurrentOnly>
<bounds x="112" y="510" width="236" height="186"/>
</OView>
</objectViews>
<connectors>
<Connector class="oracle.dbtools.crest.swingui.relational.TVFKRelation" oid="03BE730B-BBA1-D724-20A3-1588BE5AF38F" otype="FKIndexAssociation" vid_source="1FE14412-B3EF-54BE-AEED-79DA8060C83C" vid_target="80CCA692-3F20-CCD6-7241-8DD2BA0B12D8">
<hideElementsInCurrentOnly>false</hideElementsInCurrentOnly>
<backgroundColor>-16777216</backgroundColor>
<lineWidth>1</lineWidth>
<points>
<point x="991" y="327"/>
<point x="991" y="391"/>
</points>
</Connector>
<Connector class="oracle.dbtools.crest.swingui.relational.TVFKRelation" oid="46E4E736-B30B-CEDC-E0FD-D731C1D45111" otype="FKIndexAssociation" vid_source="F372D4F8-FB72-AF5F-98CE-53B4EA2ED2C5" vid_target="D9A7D1F5-B072-B319-27EF-7E8809D88ADD">
<hideElementsInCurrentOnly>false</hideElementsInCurrentOnly>
<backgroundColor>-16777216</backgroundColor>
<lineWidth>1</lineWidth>
<points>
<point x="348" y="602"/>
<point x="487" y="602"/>
</points>
</Connector>
<Connector class="oracle.dbtools.crest.swingui.relational.TVFKRelation" oid="513A2DFB-43A4-F90D-C62A-A4FE73E50515" otype="FKIndexAssociation" vid_source="D9A7D1F5-B072-B319-27EF-7E8809D88ADD" vid_target="66D0CB49-04F1-B86E-DBE8-463718F691BF">
<hideElementsInCurrentOnly>false</hideElementsInCurrentOnly>
<backgroundColor>-16777216</backgroundColor>
<lineWidth>1</lineWidth>
<points>
<point x="621" y="682"/>
<point x="621" y="772"/>
</points>
</Connector>
<Connector class="oracle.dbtools.crest.swingui.relational.TVFKRelation" oid="5727F322-F27C-E8BB-BC5B-AF91BD2E9931" otype="FKIndexAssociation" vid_source="5C8B1A5F-1B25-8238-7242-D1CAC2117C1C" vid_target="F372D4F8-FB72-AF5F-98CE-53B4EA2ED2C5">
<hideElementsInCurrentOnly>false</hideElementsInCurrentOnly>
<backgroundColor>-16777216</backgroundColor>
<lineWidth>1</lineWidth>
<points>
<point x="225" y="442"/>
<point x="225" y="510"/>
</points>
</Connector>
<Connector class="oracle.dbtools.crest.swingui.relational.TVFKRelation" oid="720C356D-0FAF-92E4-4AA4-D484BB306E48" otype="FKIndexAssociation" vid_source="C4B69566-CB42-7EEF-7CD7-0DF3373E6D22" vid_target="80CCA692-3F20-CCD6-7241-8DD2BA0B12D8">
<hideElementsInCurrentOnly>false</hideElementsInCurrentOnly>
<backgroundColor>-16777216</backgroundColor>
<lineWidth>1</lineWidth>
<points>
<point x="972" y="603"/>
<point x="972" y="538"/>
</points>
</Connector>
<Connector class="oracle.dbtools.crest.swingui.relational.TVFKRelation" oid="97140C2E-872B-C510-7099-97BE5CB3E981" otype="FKIndexAssociation" vid_source="D9A7D1F5-B072-B319-27EF-7E8809D88ADD" vid_target="D976068E-99C2-7A5B-45CC-AE91BFFFEAAE">
<hideElementsInCurrentOnly>false</hideElementsInCurrentOnly>
<backgroundColor>-16777216</backgroundColor>
<lineWidth>1</lineWidth>
<points>
<point x="487" y="667"/>
<point x="368" y="754"/>
</points>
</Connector>
<Connector class="oracle.dbtools.crest.swingui.relational.TVFKRelation" oid="BD139DA0-8FF0-981E-2FF3-C620487C74E6" otype="FKIndexAssociation" vid_source="C4B69566-CB42-7EEF-7CD7-0DF3373E6D22" vid_target="66D0CB49-04F1-B86E-DBE8-463718F691BF">
<hideElementsInCurrentOnly>false</hideElementsInCurrentOnly>
<backgroundColor>-16777216</backgroundColor>
<lineWidth>1</lineWidth>
<points>
<point x="876" y="721"/>
<point x="781" y="776"/>
</points>
</Connector>
<Connector class="oracle.dbtools.crest.swingui.relational.TVFKRelation" oid="CAA0F6F7-8A24-DA04-20AF-8245155EE39E" otype="FKIndexAssociation" vid_source="1FE14412-B3EF-54BE-AEED-79DA8060C83C" vid_target="B5CDC25A-B4F7-03A0-BA5E-230C1D5DEB33">
<hideElementsInCurrentOnly>false</hideElementsInCurrentOnly>
<backgroundColor>-16777216</backgroundColor>
<lineWidth>1</lineWidth>
<points>
<point x="891" y="181"/>
<point x="783" y="181"/>
</points>
</Connector>
<Connector class="oracle.dbtools.crest.swingui.relational.TVFKRelation" oid="D9C3F639-3EF8-2F42-824C-A83A2B3D8D23" otype="FKIndexAssociation" vid_source="FAA9259F-3CA2-C27D-3232-E95E90EE7C00" vid_target="5C8B1A5F-1B25-8238-7242-D1CAC2117C1C">
<hideElementsInCurrentOnly>false</hideElementsInCurrentOnly>
<backgroundColor>-16777216</backgroundColor>
<lineWidth>1</lineWidth>
<points>
<point x="459" y="364"/>
<point x="337" y="364"/>
</points>
</Connector>
<Connector class="oracle.dbtools.crest.swingui.relational.TVFKRelation" oid="F77F01DE-5203-FD58-4038-BA890E9821E7" otype="FKIndexAssociation" vid_source="5C8B1A5F-1B25-8238-7242-D1CAC2117C1C" vid_target="B5CDC25A-B4F7-03A0-BA5E-230C1D5DEB33">
<hideElementsInCurrentOnly>false</hideElementsInCurrentOnly>
<backgroundColor>-16777216</backgroundColor>
<lineWidth>1</lineWidth>
<points>
<point x="337" y="299"/>
<point x="507" y="203"/>
</points>
</Connector>
<Connector class="oracle.dbtools.crest.swingui.relational.TVFKRelation" oid="FBED1AD0-6E5A-0671-4915-7F9F804AAB82" otype="FKIndexAssociation" vid_source="5C8B1A5F-1B25-8238-7242-D1CAC2117C1C" vid_target="D9A7D1F5-B072-B319-27EF-7E8809D88ADD">
<hideElementsInCurrentOnly>false</hideElementsInCurrentOnly>
<backgroundColor>-16777216</backgroundColor>
<lineWidth>1</lineWidth>
<points>
<point x="337" y="438"/>
<point x="487" y="540"/>
</points>
</Connector>
</connectors>
</Diagram>
