<?xml version = '1.0' encoding = 'UTF-8'?>
<TableSpaceOraclev10g class="oracle.dbtools.crest.model.design.storage.oracle.v10g.TableSpaceOraclev10g" name="USERS" directorySegmentName="seg_0" id="0AC36A71-EE97-1B78-A422-2EE224DD842E">
<sourceConnName>DEFAULT</sourceConnName>
<sourceObjSchema>WRZECOND</sourceObjSchema>
<sourceObjName>USERS</sourceObjName>
<createdBy>kvetinac97</createdBy>
<createdTime>2020-03-02 16:59:18 UTC</createdTime>
<ownerDesignName>semestralka</ownerDesignName>
<emUniformSize>0</emUniformSize>
<extentManagement>LOCAL</extentManagement>
</TableSpaceOraclev10g>
