<?xml version = '1.0' encoding = 'UTF-8'?>
<Relation class="oracle.dbtools.crest.model.design.logical.Relation" name="FOOD_INGREDIENT_FK1" directorySegmentName="seg_0" id="27BC05A0-4B04-1BB3-D7C5-2DFAF1235EC1">
<createdBy>kvetinac97</createdBy>
<createdTime>2020-03-02 17:05:56 UTC</createdTime>
<generatorID>03BE730B-BBA1-D724-20A3-1588BE5AF38F</generatorID>
<ownerDesignName>semestralka</ownerDesignName>
<engineerTo>
<item key="D3C320CA-D814-B351-BA56-E0D1099B25D8" value="true"/>
</engineerTo>
<sourcePk>65104D44-5332-403A-E47A-11E229275383</sourcePk>
<targetPk>A9DA9196-678C-97A2-04DD-230D3EB5DE9F</targetPk>
<identifying>true</identifying>
<nameOnSource>instance of</nameOnSource>
<nameOnTarget>supertype</nameOnTarget>
<optionalSource>true</optionalSource>
<optionalTarget>false</optionalTarget>
<sourceCardinality>1</sourceCardinality>
<sourceEntity>6212E16E-673C-C316-D177-2DCDE82CAB8C</sourceEntity>
<targetCardinalityString>*</targetCardinalityString>
<targetEntity>60D5BBBA-0EE2-89AA-787E-47FDBBFA78D1</targetEntity>
<transferable>true</transferable>
<deleteRule>NO ACTION</deleteRule>
</Relation>
