<?xml version = '1.0' encoding = 'UTF-8'?>
<Relation class="oracle.dbtools.crest.model.design.logical.Relation" name="ORDER_FOOD_FK2" directorySegmentName="seg_0" id="3C50F8F7-C863-9E93-AE7C-081B7A29581B">
<createdBy>kvetinac97</createdBy>
<createdTime>2020-03-19 11:57:43 UTC</createdTime>
<ownerDesignName>semestralka</ownerDesignName>
<engineerTo>
<item key="D3C320CA-D814-B351-BA56-E0D1099B25D8" value="true"/>
</engineerTo>
<sourcePk>CE6E9058-CFED-8A64-8D6A-CEC4ECFEA503</sourcePk>
<identifying>true</identifying>
<nameOnSource>has_order</nameOnSource>
<nameOnTarget>is_at</nameOnTarget>
<optionalSource>true</optionalSource>
<optionalTarget>false</optionalTarget>
<sourceCardinality>1</sourceCardinality>
<sourceEntity>147FE336-B9A8-ED00-3C32-8DD07D7E02D3</sourceEntity>
<targetCardinalityString>*</targetCardinalityString>
<targetEntity>D21A12DD-B137-C097-5040-5FE2C94B35E5</targetEntity>
<transferable>true</transferable>
<deleteRule>NO ACTION</deleteRule>
</Relation>
