<?xml version = '1.0' encoding = 'UTF-8'?>
<Relation class="oracle.dbtools.crest.model.design.logical.Relation" name="FOOD_INGREDIENT_FK2" directorySegmentName="seg_0" id="49A257E9-290A-4E55-2559-6C84C2D08794">
<createdBy>kvetinac97</createdBy>
<createdTime>2020-03-02 17:05:56 UTC</createdTime>
<generatorID>720C356D-0FAF-92E4-4AA4-D484BB306E48</generatorID>
<ownerDesignName>semestralka</ownerDesignName>
<engineerTo>
<item key="D3C320CA-D814-B351-BA56-E0D1099B25D8" value="true"/>
</engineerTo>
<sourcePk>7609991C-5496-3E1C-26D0-F6388AFBF6A3</sourcePk>
<identifying>true</identifying>
<nameOnSource>supertype</nameOnSource>
<nameOnTarget>instance of</nameOnTarget>
<optionalSource>false</optionalSource>
<optionalTarget>false</optionalTarget>
<sourceCardinality>1</sourceCardinality>
<sourceEntity>705060AE-2F0D-40A3-5495-0D4598DC3A99</sourceEntity>
<targetCardinalityString>*</targetCardinalityString>
<targetEntity>60D5BBBA-0EE2-89AA-787E-47FDBBFA78D1</targetEntity>
<transferable>true</transferable>
<deleteRule>NO ACTION</deleteRule>
</Relation>
