<?xml version = '1.0' encoding = 'UTF-8'?>
<Relation class="oracle.dbtools.crest.model.design.logical.Relation" name="TTABLE_FK2" directorySegmentName="seg_0" id="4DF94547-1473-E4A5-792D-3B1B64EA5BA5">
<createdBy>kvetinac97</createdBy>
<createdTime>2020-03-02 17:05:56 UTC</createdTime>
<generatorID>FBED1AD0-6E5A-0671-4915-7F9F804AAB82</generatorID>
<ownerDesignName>semestralka</ownerDesignName>
<engineerTo>
<item key="D3C320CA-D814-B351-BA56-E0D1099B25D8" value="true"/>
</engineerTo>
<sourcePk>603402D9-1C11-55F5-2A0E-2DDAAE3C70D4</sourcePk>
<identifying>true</identifying>
<nameOnSource>has</nameOnSource>
<nameOnTarget>is in</nameOnTarget>
<optionalSource>false</optionalSource>
<optionalTarget>false</optionalTarget>
<sourceCardinality>1</sourceCardinality>
<sourceEntity>ADAB9FAD-F9F4-3046-BDAA-238546186E11</sourceEntity>
<targetCardinalityString>*</targetCardinalityString>
<targetEntity>147FE336-B9A8-ED00-3C32-8DD07D7E02D3</targetEntity>
<transferable>true</transferable>
<deleteRule>NO ACTION</deleteRule>
</Relation>
