<?xml version = '1.0' encoding = 'UTF-8'?>
<Relation class="oracle.dbtools.crest.model.design.logical.Relation" name="CUSTOMER_FK1" directorySegmentName="seg_0" id="7239A68E-848A-33C8-5BDA-F939EB94368F">
<createdBy>kvetinac97</createdBy>
<createdTime>2020-03-02 17:05:56 UTC</createdTime>
<generatorID>97140C2E-872B-C510-7099-97BE5CB3E981</generatorID>
<ownerDesignName>semestralka</ownerDesignName>
<engineerTo>
<item key="D3C320CA-D814-B351-BA56-E0D1099B25D8" value="true"/>
</engineerTo>
<sourcePk>CE6E9058-CFED-8A64-8D6A-CEC4ECFEA503</sourcePk>
<identifying>false</identifying>
<nameOnSource>hosts</nameOnSource>
<nameOnTarget>sits at</nameOnTarget>
<optionalSource>true</optionalSource>
<optionalTarget>false</optionalTarget>
<sourceCardinality>1</sourceCardinality>
<sourceEntity>147FE336-B9A8-ED00-3C32-8DD07D7E02D3</sourceEntity>
<targetCardinalityString>*</targetCardinalityString>
<targetEntity>DFB5CEBD-F146-574F-2EAB-0A357E2EBEB6</targetEntity>
<transferable>true</transferable>
<deleteRule>NO ACTION</deleteRule>
</Relation>
