<?xml version = '1.0' encoding = 'UTF-8'?>
<Relation class="oracle.dbtools.crest.model.design.logical.Relation" name="EMPLOYEE_FK2" directorySegmentName="seg_0" id="73B5A4E1-1C16-7600-57E0-B789A0FEFF22">
<createdBy>kvetinac97</createdBy>
<createdTime>2020-03-02 17:05:56 UTC</createdTime>
<generatorID>5727F322-F27C-E8BB-BC5B-AF91BD2E9931</generatorID>
<ownerDesignName>semestralka</ownerDesignName>
<engineerTo>
<item key="D3C320CA-D814-B351-BA56-E0D1099B25D8" value="true"/>
</engineerTo>
<sourcePk>603402D9-1C11-55F5-2A0E-2DDAAE3C70D4</sourcePk>
<identifying>false</identifying>
<nameOnSource>has employee</nameOnSource>
<nameOnTarget>works in</nameOnTarget>
<optionalSource>false</optionalSource>
<optionalTarget>false</optionalTarget>
<sourceCardinality>1</sourceCardinality>
<sourceEntity>ADAB9FAD-F9F4-3046-BDAA-238546186E11</sourceEntity>
<targetCardinalityString>*</targetCardinalityString>
<targetEntity>8713D4F5-3AA9-D729-738A-D201A4C112DB</targetEntity>
<transferable>true</transferable>
<deleteRule>NO ACTION</deleteRule>
</Relation>