<?xml version = '1.0' encoding = 'UTF-8'?>
<Relation class="oracle.dbtools.crest.model.design.logical.Relation" name="TTABLE_FK1" directorySegmentName="seg_0" id="832DAB03-CB4D-5F55-2D27-2B8C1CF9E37D">
<createdBy>kvetinac97</createdBy>
<createdTime>2020-03-02 17:05:56 UTC</createdTime>
<generatorID>46E4E736-B30B-CEDC-E0FD-D731C1D45111</generatorID>
<ownerDesignName>semestralka</ownerDesignName>
<engineerTo>
<item key="D3C320CA-D814-B351-BA56-E0D1099B25D8" value="true"/>
</engineerTo>
<sourcePk>6AEC7C36-83F7-B470-7E3A-F7CA4B430603</sourcePk>
<identifying>false</identifying>
<nameOnSource>operates</nameOnSource>
<nameOnTarget>is operated by</nameOnTarget>
<optionalSource>true</optionalSource>
<optionalTarget>false</optionalTarget>
<sourceCardinality>1</sourceCardinality>
<sourceEntity>8713D4F5-3AA9-D729-738A-D201A4C112DB</sourceEntity>
<targetCardinalityString>*</targetCardinalityString>
<targetEntity>147FE336-B9A8-ED00-3C32-8DD07D7E02D3</targetEntity>
<transferable>true</transferable>
<deleteRule>NO ACTION</deleteRule>
</Relation>