<?xml version = '1.0' encoding = 'UTF-8'?>
<Relation class="oracle.dbtools.crest.model.design.logical.Relation" name="EMPLOYEE_FK1" directorySegmentName="seg_0" id="9260FCF9-39ED-C2EC-0D9A-5B7DF8740F44">
<createdBy>kvetinac97</createdBy>
<createdTime>2020-03-02 17:05:56 UTC</createdTime>
<generatorID>B17E23A4-6757-841C-80CA-70B24A5F04C2</generatorID>
<ownerDesignName>semestralka</ownerDesignName>
<engineerTo>
<item key="D3C320CA-D814-B351-BA56-E0D1099B25D8" value="true"/>
</engineerTo>
<sourcePk>7A95651E-6A7C-8CB1-9ACA-E0549C17D57A</sourcePk>
<identifying>false</identifying>
<nameOnSource>supervises</nameOnSource>
<nameOnTarget>is supervised by</nameOnTarget>
<optionalSource>false</optionalSource>
<optionalTarget>false</optionalTarget>
<sourceCardinality>1</sourceCardinality>
<sourceEntity>B03C36A9-F25D-BC1E-0F6C-B69B6E4BDDDB</sourceEntity>
<targetCardinalityString>*</targetCardinalityString>
<targetEntity>8713D4F5-3AA9-D729-738A-D201A4C112DB</targetEntity>
<transferable>true</transferable>
<deleteRule>NO ACTION</deleteRule>
</Relation>
