<?xml version = '1.0' encoding = 'UTF-8'?>
<Relation class="oracle.dbtools.crest.model.design.logical.Relation" name="INGREDIENT_COUNT_FK1" directorySegmentName="seg_0" id="A738CF39-BAEB-31A8-1C61-0A66F09CCB85">
<createdBy>kvetinac97</createdBy>
<createdTime>2020-03-02 17:05:56 UTC</createdTime>
<generatorID>CAA0F6F7-8A24-DA04-20AF-8245155EE39E</generatorID>
<ownerDesignName>semestralka</ownerDesignName>
<engineerTo>
<item key="D3C320CA-D814-B351-BA56-E0D1099B25D8" value="true"/>
</engineerTo>
<sourcePk>65104D44-5332-403A-E47A-11E229275383</sourcePk>
<targetPk>34C0BC6C-D6A8-69B1-D10B-BCF8F54FBC0D</targetPk>
<identifying>true</identifying>
<nameOnSource>supertype</nameOnSource>
<nameOnTarget>instance of</nameOnTarget>
<optionalSource>true</optionalSource>
<optionalTarget>false</optionalTarget>
<sourceCardinality>1</sourceCardinality>
<sourceEntity>6212E16E-673C-C316-D177-2DCDE82CAB8C</sourceEntity>
<targetCardinalityString>*</targetCardinalityString>
<targetEntity>78CE5520-012F-5361-86C8-4609D2EDDFF6</targetEntity>
<transferable>true</transferable>
<deleteRule>NO ACTION</deleteRule>
</Relation>
