<?xml version = '1.0' encoding = 'UTF-8'?>
<Relation class="oracle.dbtools.crest.model.design.logical.Relation" name="ORDER_FOOD_FK1" directorySegmentName="seg_0" id="AEAD4048-CE9D-AF28-E85F-BAB03492CBC8">
<createdBy>kvetinac97</createdBy>
<createdTime>2020-03-02 17:05:56 UTC</createdTime>
<generatorID>BD139DA0-8FF0-981E-2FF3-C620487C74E6</generatorID>
<ownerDesignName>semestralka</ownerDesignName>
<engineerTo>
<item key="D3C320CA-D814-B351-BA56-E0D1099B25D8" value="true"/>
</engineerTo>
<sourcePk>7609991C-5496-3E1C-26D0-F6388AFBF6A3</sourcePk>
<targetPk>21B1B786-7BE5-6972-DE68-5D2614833E12</targetPk>
<identifying>true</identifying>
<nameOnSource>supertype</nameOnSource>
<nameOnTarget>instance of</nameOnTarget>
<optionalSource>true</optionalSource>
<optionalTarget>false</optionalTarget>
<sourceCardinality>1</sourceCardinality>
<sourceEntity>705060AE-2F0D-40A3-5495-0D4598DC3A99</sourceEntity>
<targetCardinalityString>*</targetCardinalityString>
<targetEntity>D21A12DD-B137-C097-5040-5FE2C94B35E5</targetEntity>
<transferable>true</transferable>
<deleteRule>NO ACTION</deleteRule>
</Relation>
