<?xml version = '1.0' encoding = 'UTF-8'?>
<Relation class="oracle.dbtools.crest.model.design.logical.Relation" name="RESTAURANT_FK1" directorySegmentName="seg_0" id="D44ECD50-1227-3840-2615-EAEB7F3ABB54">
<createdBy>kvetinac97</createdBy>
<createdTime>2020-03-02 17:05:56 UTC</createdTime>
<generatorID>D9C3F639-3EF8-2F42-824C-A83A2B3D8D23</generatorID>
<ownerDesignName>semestralka</ownerDesignName>
<engineerTo>
<item key="D3C320CA-D814-B351-BA56-E0D1099B25D8" value="true"/>
</engineerTo>
<sourcePk>7A95651E-6A7C-8CB1-9ACA-E0549C17D57A</sourcePk>
<identifying>false</identifying>
<nameOnSource>manages</nameOnSource>
<nameOnTarget>is managed by</nameOnTarget>
<optionalSource>false</optionalSource>
<optionalTarget>false</optionalTarget>
<sourceCardinality>1</sourceCardinality>
<sourceEntity>B03C36A9-F25D-BC1E-0F6C-B69B6E4BDDDB</sourceEntity>
<targetCardinalityString>*</targetCardinalityString>
<targetEntity>ADAB9FAD-F9F4-3046-BDAA-238546186E11</targetEntity>
<transferable>true</transferable>
<deleteRule>NO ACTION</deleteRule>
</Relation>