<?xml version = '1.0' encoding = 'UTF-8'?>
<Relation class="oracle.dbtools.crest.model.design.logical.Relation" name="INGREDIENT_COUNT_FK2" directorySegmentName="seg_0" id="F8D1D20A-2661-8959-B098-DCD71334774F">
<createdBy>kvetinac97</createdBy>
<createdTime>2020-03-02 17:05:56 UTC</createdTime>
<generatorID>F77F01DE-5203-FD58-4038-BA890E9821E7</generatorID>
<ownerDesignName>semestralka</ownerDesignName>
<engineerTo>
<item key="D3C320CA-D814-B351-BA56-E0D1099B25D8" value="true"/>
</engineerTo>
<sourcePk>603402D9-1C11-55F5-2A0E-2DDAAE3C70D4</sourcePk>
<identifying>true</identifying>
<nameOnSource>has on stock</nameOnSource>
<nameOnTarget>is on stock of</nameOnTarget>
<optionalSource>true</optionalSource>
<optionalTarget>false</optionalTarget>
<sourceCardinality>1</sourceCardinality>
<sourceEntity>ADAB9FAD-F9F4-3046-BDAA-238546186E11</sourceEntity>
<targetCardinalityString>*</targetCardinalityString>
<targetEntity>78CE5520-012F-5361-86C8-4609D2EDDFF6</targetEntity>
<transferable>true</transferable>
<deleteRule>NO ACTION</deleteRule>
</Relation>
