<?xml version = '1.0' encoding = 'UTF-8'?>
<Entity class="oracle.dbtools.crest.model.design.logical.Entity" directorySegmentName="seg_0" id="4950F180-26DD-AB36-A188-7FEA694A4C1C" name="PERSON">
<createdBy>wrzecond</createdBy>
<createdTime>2020-03-05 12:09:14 UTC</createdTime>
<ownerDesignName>semestralka</ownerDesignName>
<shouldEngineer>false</shouldEngineer>
<engineerTo>
<item key="D3C320CA-D814-B351-BA56-E0D1099B25D8" value="false"/>
</engineerTo>
<adequatelyNormalized>NO</adequatelyNormalized>
<expectedVolumes>0</expectedVolumes>
<fwdEngineeringStrategyName>Single Table</fwdEngineeringStrategyName>
<growthPercent>0</growthPercent>
<growthType>Year</growthType>
<maxVolumes>9999999</maxVolumes>
<minVolumes>0</minVolumes>
<normalForm>Third</normalForm>
<attributes itemClass="oracle.dbtools.crest.model.design.logical.Attribute">
<Attribute name="ID" id="6E30AA62-355F-A754-EAEC-9C112D4443C0">
<createdBy>wrzecond</createdBy>
<createdTime>2020-03-05 12:09:25 UTC</createdTime>
<ownerDesignName>semestralka</ownerDesignName>
<engineerTo>
<item key="D3C320CA-D814-B351-BA56-E0D1099B25D8" value="true"/>
</engineerTo>
<useDomainConstraints>false</useDomainConstraints>
<use>1</use>
<logicalDatatype>LOGDT011</logicalDatatype>
<ownDataTypeParameters>,,</ownDataTypeParameters>
</Attribute>
<Attribute name="FIRST_NAME" id="D1848C38-C512-87EF-CC74-1E1008F14DF1">
<createdBy>wrzecond</createdBy>
<createdTime>2020-03-05 12:09:51 UTC</createdTime>
<ownerDesignName>semestralka</ownerDesignName>
<engineerTo>
<item key="D3C320CA-D814-B351-BA56-E0D1099B25D8" value="true"/>
</engineerTo>
<useDomainConstraints>false</useDomainConstraints>
<use>1</use>
<logicalDatatype>LOGDT024</logicalDatatype>
<dataTypeSize>64 BYTE</dataTypeSize>
<ownDataTypeParameters>64 BYTE,,</ownDataTypeParameters>
</Attribute>
<Attribute name="LAST_NAME" id="4F3415FA-82A6-9C09-5CD2-EC9019A0EE5F">
<createdBy>wrzecond</createdBy>
<createdTime>2020-03-05 12:10:18 UTC</createdTime>
<ownerDesignName>semestralka</ownerDesignName>
<engineerTo>
<item key="D3C320CA-D814-B351-BA56-E0D1099B25D8" value="true"/>
</engineerTo>
<useDomainConstraints>false</useDomainConstraints>
<use>1</use>
<logicalDatatype>LOGDT024</logicalDatatype>
<dataTypeSize>64 BYTE</dataTypeSize>
<ownDataTypeParameters>64 BYTE,,</ownDataTypeParameters>
</Attribute>
</attributes>
<identifiers itemClass="oracle.dbtools.crest.model.design.logical.CandidateKey">
<identifier id="3B8FA7B2-EB7D-FCDB-A17D-6EBBF622C838" name="PERSON PK">
<createdBy>wrzecond</createdBy>
<createdTime>2020-03-05 12:09:50 UTC</createdTime>
<ownerDesignName>semestralka</ownerDesignName>
<engineerTo>
<item key="D3C320CA-D814-B351-BA56-E0D1099B25D8" value="true"/>
</engineerTo>
<pk>true</pk>
<usedAttributes>
<attributeRef>6E30AA62-355F-A754-EAEC-9C112D4443C0</attributeRef>
</usedAttributes>
</identifier>
</identifiers>
</Entity>
