<?xml version = '1.0' encoding = 'UTF-8'?>
<Entity class="oracle.dbtools.crest.model.design.logical.Entity" directorySegmentName="seg_0" id="60D5BBBA-0EE2-89AA-787E-47FDBBFA78D1" name="FOOD_INGREDIENT">
<createdBy>kvetinac97</createdBy>
<createdTime>2020-03-02 17:05:56 UTC</createdTime>
<generatorID>C80287A9-F1E0-0126-FDDC-37924DD060B8</generatorID>
<ownerDesignName>semestralka</ownerDesignName>
<engineerTo>
<item key="D3C320CA-D814-B351-BA56-E0D1099B25D8" value="true"/>
</engineerTo>
<adequatelyNormalized>NO</adequatelyNormalized>
<expectedVolumes>0</expectedVolumes>
<fwdEngineeringStrategyName>Single Table</fwdEngineeringStrategyName>
<growthPercent>0</growthPercent>
<growthType>Year</growthType>
<maxVolumes>9999999</maxVolumes>
<minVolumes>0</minVolumes>
<normalForm>Third</normalForm>
<attributes itemClass="oracle.dbtools.crest.model.design.logical.Attribute">
<Attribute name="INGREDIENT_COUNT" id="041F966F-BFE4-7AB7-9399-16FA71C1F6E1">
<createdBy>kvetinac97</createdBy>
<createdTime>2020-03-02 17:05:56 UTC</createdTime>
<generatorID>3B07B37B-6AF4-ACC7-6CC8-6252FC2FDA40</generatorID>
<ownerDesignName>semestralka</ownerDesignName>
<engineerTo>
<item key="D3C320CA-D814-B351-BA56-E0D1099B25D8" value="true"/>
</engineerTo>
<useDomainConstraints>false</useDomainConstraints>
<use>1</use>
<logicalDatatype>LOGDT019</logicalDatatype>
<ownDataTypeParameters>,,</ownDataTypeParameters>
</Attribute>
<Attribute name="UNIT" id="3AF00A2F-D5AF-C978-4A7B-5F59BF34C990">
<createdBy>kvetinac97</createdBy>
<createdTime>2020-03-02 17:05:56 UTC</createdTime>
<generatorID>0118C294-727B-A107-B437-5DF594BBD578</generatorID>
<ownerDesignName>semestralka</ownerDesignName>
<engineerTo>
<item key="D3C320CA-D814-B351-BA56-E0D1099B25D8" value="true"/>
</engineerTo>
<useDomainConstraints>false</useDomainConstraints>
<use>1</use>
<logicalDatatype>LOGDT024</logicalDatatype>
<dataTypeSize>8 BYTE</dataTypeSize>
<ownDataTypeParameters>8 BYTE,,</ownDataTypeParameters>
</Attribute>
<Attribute name="INGREDIENT ID" id="7FDEADEF-240D-8169-0802-D40898B4B582">
<createdBy>kvetinac97</createdBy>
<createdTime>2020-03-02 17:05:56 UTC</createdTime>
<generatorID>27BC05A0-4B04-1BB3-D7C5-2DFAF1235EC1</generatorID>
<ownerDesignName>semestralka</ownerDesignName>
<engineerTo>
<item key="D3C320CA-D814-B351-BA56-E0D1099B25D8" value="true"/>
</engineerTo>
<referedAttribute>923FFC9D-0803-071D-B229-CFC63F1ADEF6</referedAttribute>
<useDomainConstraints>false</useDomainConstraints>
<use>1</use>
<logicalDatatype>LOGDT019</logicalDatatype>
<ownDataTypeParameters>,,</ownDataTypeParameters>
</Attribute>
<Attribute name="FOOD ID" id="D24DAA7F-8D28-84A5-60BF-C85FDE231EAF">
<createdBy>kvetinac97</createdBy>
<createdTime>2020-03-02 17:05:56 UTC</createdTime>
<generatorID>49A257E9-290A-4E55-2559-6C84C2D08794</generatorID>
<ownerDesignName>semestralka</ownerDesignName>
<engineerTo>
<item key="D3C320CA-D814-B351-BA56-E0D1099B25D8" value="true"/>
</engineerTo>
<referedAttribute>CF29AAD9-7F84-1966-7577-ED156F0745D1</referedAttribute>
<useDomainConstraints>false</useDomainConstraints>
<use>1</use>
<logicalDatatype>LOGDT019</logicalDatatype>
<ownDataTypeParameters>,,</ownDataTypeParameters>
</Attribute>
</attributes>
<identifiers itemClass="oracle.dbtools.crest.model.design.logical.CandidateKey">
<identifier id="A9DA9196-678C-97A2-04DD-230D3EB5DE9F" name="FOOD INGREDIENT PK">
<createdBy>kvetinac97</createdBy>
<createdTime>2020-03-02 17:05:56 UTC</createdTime>
<generatorID>87165F2C-E88C-90B8-4933-A9BAA6015BF9</generatorID>
<ownerDesignName>semestralka</ownerDesignName>
<engineerTo>
<item key="D3C320CA-D814-B351-BA56-E0D1099B25D8" value="true"/>
</engineerTo>
<pk>true</pk>
<usedAttributes>
<attributeRef>7FDEADEF-240D-8169-0802-D40898B4B582</attributeRef>
<attributeRef>D24DAA7F-8D28-84A5-60BF-C85FDE231EAF</attributeRef>
</usedAttributes>
</identifier>
</identifiers>
</Entity>
