<?xml version = '1.0' encoding = 'UTF-8'?>
<Entity class="oracle.dbtools.crest.model.design.logical.Entity" directorySegmentName="seg_0" id="6212E16E-673C-C316-D177-2DCDE82CAB8C" name="INGREDIENT">
<createdBy>kvetinac97</createdBy>
<createdTime>2020-03-02 17:05:56 UTC</createdTime>
<generatorID>90B59A3A-7ED9-EF18-C166-2A5356B409B2</generatorID>
<ownerDesignName>semestralka</ownerDesignName>
<engineerTo>
<item key="D3C320CA-D814-B351-BA56-E0D1099B25D8" value="true"/>
</engineerTo>
<adequatelyNormalized>NO</adequatelyNormalized>
<expectedVolumes>0</expectedVolumes>
<fwdEngineeringStrategyName>Single Table</fwdEngineeringStrategyName>
<growthPercent>0</growthPercent>
<growthType>Year</growthType>
<maxVolumes>9999999</maxVolumes>
<minVolumes>0</minVolumes>
<normalForm>Third</normalForm>
<attributes itemClass="oracle.dbtools.crest.model.design.logical.Attribute">
<Attribute name="ID" id="923FFC9D-0803-071D-B229-CFC63F1ADEF6">
<createdBy>kvetinac97</createdBy>
<createdTime>2020-03-02 17:05:56 UTC</createdTime>
<generatorID>14B83959-9F36-2C4F-35DC-9E79F2B5172D</generatorID>
<ownerDesignName>semestralka</ownerDesignName>
<engineerTo>
<item key="D3C320CA-D814-B351-BA56-E0D1099B25D8" value="true"/>
</engineerTo>
<useDomainConstraints>false</useDomainConstraints>
<use>1</use>
<logicalDatatype>LOGDT019</logicalDatatype>
<ownDataTypeParameters>,,</ownDataTypeParameters>
</Attribute>
<Attribute name="NAME" id="CA26AFC5-A574-9752-BD0E-FE9D160D038A">
<createdBy>kvetinac97</createdBy>
<createdTime>2020-03-02 17:05:56 UTC</createdTime>
<generatorID>AB3C40FC-C998-835B-0C8F-BC0F3E0611C2</generatorID>
<ownerDesignName>semestralka</ownerDesignName>
<engineerTo>
<item key="D3C320CA-D814-B351-BA56-E0D1099B25D8" value="true"/>
</engineerTo>
<useDomainConstraints>false</useDomainConstraints>
<use>1</use>
<logicalDatatype>LOGDT024</logicalDatatype>
<dataTypeSize>64 BYTE</dataTypeSize>
<ownDataTypeParameters>64 BYTE,,</ownDataTypeParameters>
</Attribute>
<Attribute name="FAT" id="E900521F-3FAC-3B06-FDF9-14EF2ACFE617">
<createdBy>kvetinac97</createdBy>
<createdTime>2020-03-02 17:05:56 UTC</createdTime>
<generatorID>F853DDDE-185A-B27F-9C4A-F567D760DF6C</generatorID>
<ownerDesignName>semestralka</ownerDesignName>
<engineerTo>
<item key="D3C320CA-D814-B351-BA56-E0D1099B25D8" value="true"/>
</engineerTo>
<useDomainConstraints>false</useDomainConstraints>
<use>1</use>
<logicalDatatype>LOGDT019</logicalDatatype>
<ownDataTypeParameters>,,</ownDataTypeParameters>
</Attribute>
<Attribute name="FIBER" id="F75A79BD-9C2B-51AF-718D-DFBF37EA404D">
<createdBy>kvetinac97</createdBy>
<createdTime>2020-03-02 17:05:56 UTC</createdTime>
<generatorID>5C8C73B5-FC53-AF2A-B021-F293EB041AF6</generatorID>
<ownerDesignName>semestralka</ownerDesignName>
<engineerTo>
<item key="D3C320CA-D814-B351-BA56-E0D1099B25D8" value="true"/>
</engineerTo>
<useDomainConstraints>false</useDomainConstraints>
<use>1</use>
<logicalDatatype>LOGDT019</logicalDatatype>
<ownDataTypeParameters>,,</ownDataTypeParameters>
</Attribute>
<Attribute name="PROTEIN" id="5658FCB6-1B0A-1356-0B88-6EC04EE0E480">
<createdBy>kvetinac97</createdBy>
<createdTime>2020-03-02 17:05:56 UTC</createdTime>
<generatorID>544F3D00-C196-DC88-5A4B-2358F5229863</generatorID>
<ownerDesignName>semestralka</ownerDesignName>
<engineerTo>
<item key="D3C320CA-D814-B351-BA56-E0D1099B25D8" value="true"/>
</engineerTo>
<useDomainConstraints>false</useDomainConstraints>
<use>1</use>
<logicalDatatype>LOGDT019</logicalDatatype>
<ownDataTypeParameters>,,</ownDataTypeParameters>
</Attribute>
<Attribute name="SUGAR" id="6E6BB05A-4815-FD5A-FDDC-47C49710B432">
<createdBy>kvetinac97</createdBy>
<createdTime>2020-03-02 17:05:56 UTC</createdTime>
<generatorID>3CD82CBA-CF23-8967-3E7E-9E0348CCF6C0</generatorID>
<ownerDesignName>semestralka</ownerDesignName>
<engineerTo>
<item key="D3C320CA-D814-B351-BA56-E0D1099B25D8" value="true"/>
</engineerTo>
<useDomainConstraints>false</useDomainConstraints>
<use>1</use>
<logicalDatatype>LOGDT019</logicalDatatype>
<ownDataTypeParameters>,,</ownDataTypeParameters>
</Attribute>
</attributes>
<identifiers itemClass="oracle.dbtools.crest.model.design.logical.CandidateKey">
<identifier id="65104D44-5332-403A-E47A-11E229275383" name="INGREDIENT PK">
<createdBy>kvetinac97</createdBy>
<createdTime>2020-03-02 17:05:56 UTC</createdTime>
<generatorID>2D06305F-6CE1-4600-F53D-D60249B4DFB1</generatorID>
<ownerDesignName>semestralka</ownerDesignName>
<engineerTo>
<item key="D3C320CA-D814-B351-BA56-E0D1099B25D8" value="true"/>
</engineerTo>
<pk>true</pk>
<usedAttributes>
<attributeRef>923FFC9D-0803-071D-B229-CFC63F1ADEF6</attributeRef>
</usedAttributes>
</identifier>
<identifier id="04FF41DD-6CBC-6103-4405-CBA8A4E2231C" name="INGREDIENT UK1">
<createdBy>kvetinac97</createdBy>
<createdTime>2020-03-02 17:05:56 UTC</createdTime>
<generatorID>C20568EE-BE5C-46CF-3889-4D5EB88585A0</generatorID>
<ownerDesignName>semestralka</ownerDesignName>
<engineerTo>
<item key="D3C320CA-D814-B351-BA56-E0D1099B25D8" value="true"/>
</engineerTo>
<usedAttributes>
<attributeRef>CA26AFC5-A574-9752-BD0E-FE9D160D038A</attributeRef>
</usedAttributes>
</identifier>
</identifiers>
</Entity>
