<?xml version = '1.0' encoding = 'UTF-8'?>
<Entity class="oracle.dbtools.crest.model.design.logical.Entity" directorySegmentName="seg_0" id="D21A12DD-B137-C097-5040-5FE2C94B35E5" name="ORDER_FOOD">
<createdBy>kvetinac97</createdBy>
<createdTime>2020-03-02 17:05:56 UTC</createdTime>
<generatorID>CC13DB3C-5177-1142-98D0-EC4411222BBC</generatorID>
<ownerDesignName>semestralka</ownerDesignName>
<engineerTo>
<item key="D3C320CA-D814-B351-BA56-E0D1099B25D8" value="true"/>
</engineerTo>
<adequatelyNormalized>NO</adequatelyNormalized>
<expectedVolumes>0</expectedVolumes>
<fwdEngineeringStrategyName>Single Table</fwdEngineeringStrategyName>
<growthPercent>0</growthPercent>
<growthType>Year</growthType>
<maxVolumes>9999999</maxVolumes>
<minVolumes>0</minVolumes>
<normalForm>Third</normalForm>
<attributes itemClass="oracle.dbtools.crest.model.design.logical.Attribute">
<Attribute name="FOOD_COUNT" id="9440A594-68EC-185C-59F4-6DD3D2DBB894">
<createdBy>kvetinac97</createdBy>
<createdTime>2020-03-02 17:05:56 UTC</createdTime>
<generatorID>373AB007-4651-49C5-1232-03EB98219FB2</generatorID>
<ownerDesignName>semestralka</ownerDesignName>
<engineerTo>
<item key="D3C320CA-D814-B351-BA56-E0D1099B25D8" value="true"/>
</engineerTo>
<useDomainConstraints>false</useDomainConstraints>
<use>1</use>
<logicalDatatype>LOGDT019</logicalDatatype>
<ownDataTypeParameters>,,</ownDataTypeParameters>
</Attribute>
<Attribute name="FOOD ID" id="D516DB6D-8521-B56C-5AC4-185BA170F5A7">
<createdBy>kvetinac97</createdBy>
<createdTime>2020-03-02 17:05:56 UTC</createdTime>
<generatorID>AEAD4048-CE9D-AF28-E85F-BAB03492CBC8</generatorID>
<ownerDesignName>semestralka</ownerDesignName>
<engineerTo>
<item key="D3C320CA-D814-B351-BA56-E0D1099B25D8" value="true"/>
</engineerTo>
<referedAttribute>CF29AAD9-7F84-1966-7577-ED156F0745D1</referedAttribute>
<useDomainConstraints>false</useDomainConstraints>
<use>1</use>
<logicalDatatype>LOGDT019</logicalDatatype>
<ownDataTypeParameters>,,</ownDataTypeParameters>
</Attribute>
<Attribute name="ID" id="1351CC8D-7FE8-C363-0BE3-6F9E58278BE7">
<createdBy>kvetinac97</createdBy>
<createdTime>2020-03-19 11:57:43 UTC</createdTime>
<generatorID>3C50F8F7-C863-9E93-AE7C-081B7A29581B</generatorID>
<ownerDesignName>semestralka</ownerDesignName>
<engineerTo>
<item key="D3C320CA-D814-B351-BA56-E0D1099B25D8" value="true"/>
</engineerTo>
<referedAttribute>F79346A7-1AEB-9188-C96B-CECA834D64CB</referedAttribute>
<useDomainConstraints>false</useDomainConstraints>
<use>1</use>
<logicalDatatype>LOGDT019</logicalDatatype>
<ownDataTypeParameters>,,</ownDataTypeParameters>
</Attribute>
<Attribute name="RESTAURANT ID" id="8878A0F3-0BFD-8718-95F4-3E905E3F6A17">
<createdBy>kvetinac97</createdBy>
<createdTime>2020-03-19 11:57:43 UTC</createdTime>
<generatorID>3C50F8F7-C863-9E93-AE7C-081B7A29581B</generatorID>
<ownerDesignName>semestralka</ownerDesignName>
<engineerTo>
<item key="D3C320CA-D814-B351-BA56-E0D1099B25D8" value="true"/>
</engineerTo>
<referedAttribute>CF7D857B-FC29-7B8B-BD14-F28C27265BB6</referedAttribute>
<useDomainConstraints>false</useDomainConstraints>
<use>1</use>
<logicalDatatype>LOGDT019</logicalDatatype>
<ownDataTypeParameters>,,</ownDataTypeParameters>
</Attribute>
</attributes>
<identifiers itemClass="oracle.dbtools.crest.model.design.logical.CandidateKey">
<identifier id="21B1B786-7BE5-6972-DE68-5D2614833E12" name="ORDER FOOD PK">
<createdBy>kvetinac97</createdBy>
<createdTime>2020-03-02 17:05:56 UTC</createdTime>
<generatorID>6FEF62C9-7A6E-0538-AF6A-A00A91ACCBAC</generatorID>
<ownerDesignName>semestralka</ownerDesignName>
<engineerTo>
<item key="D3C320CA-D814-B351-BA56-E0D1099B25D8" value="true"/>
</engineerTo>
<pk>true</pk>
<newElementsIDs>AEAD4048-CE9D-AF28-E85F-BAB03492CBC8,3C50F8F7-C863-9E93-AE7C-081B7A29581B</newElementsIDs>
<usedAttributes>
<attributeRef>D516DB6D-8521-B56C-5AC4-185BA170F5A7</attributeRef>
<attributeRef>1351CC8D-7FE8-C363-0BE3-6F9E58278BE7</attributeRef>
<attributeRef>8878A0F3-0BFD-8718-95F4-3E905E3F6A17</attributeRef>
</usedAttributes>
</identifier>
</identifiers>
</Entity>
