-- Vyčištění databáze
DELETE FROM INGREDIENT_COUNT;
DELETE FROM FOOD_INGREDIENT;
DELETE FROM INGREDIENT;
DELETE FROM ORDER_FOOD;
DELETE FROM FOOD;
DELETE FROM CUSTOMER;
DELETE FROM TTABLE;
DELETE FROM EMPLOYEE;
DELETE FROM RESTAURANT;
DELETE FROM MANAGER;

-- Seznam manažerů náhodně napsán, jak mě to napadlo

INSERT INTO MANAGER (id, first_name, last_name) VALUES ( 1,  'Vendelín',  'Bosák' );
INSERT INTO MANAGER (id, first_name, last_name) VALUES ( 2,  'Mikuláš',  'Janovský' );
INSERT INTO MANAGER (id, first_name, last_name) VALUES ( 3,  'Roman',  'Klusák' );
INSERT INTO MANAGER (id, first_name, last_name) VALUES ( 4,  'Gustav',  'Šťastný' );
INSERT INTO MANAGER (id, first_name, last_name) VALUES ( 5,  'Bruno',  'Opatrný' );
INSERT INTO MANAGER (id, first_name, last_name) VALUES ( 6,  'Hugo',  'Pudil' );
INSERT INTO MANAGER (id, first_name, last_name) VALUES ( 7,  'Karel',  'Novák' );
INSERT INTO MANAGER (id, first_name, last_name) VALUES ( 8,  'Karel',  'Novák' );

-- Seznam restaurací na reálných adresách, část jmén přejmenována
INSERT INTO RESTAURANT (id, name, location, open_from, open_until, manager_id) VALUES ( 1, 'Ostravská',  'Rottrova 2800/7,  Ostrava',  '08:00',  '20:00',  1 );
INSERT INTO RESTAURANT (id, name, location, open_from, open_until, manager_id) VALUES ( 2, 'Café Imperial',  'Na Poříčí 1072/15,  Praha',  '00:00',  '23:59',  1 );
INSERT INTO RESTAURANT (id, name, location, open_from, open_until, manager_id) VALUES ( 3, 'Divinis',  'Týnská 21,  Praha',  '12:00',  '17:30',  1 );
INSERT INTO RESTAURANT (id, name, location, open_from, open_until, manager_id) VALUES ( 4, 'Harmony',  'Plukovníka Mráze 1182/24,  Praha 15',  '11:00',  '23:30',  2 );
INSERT INTO RESTAURANT (id, name, location, open_from, open_until, manager_id) VALUES ( 5, 'Síla chuti',  'Sadová 1170,  Česká Třebová',  '10:00',  '14:00',  2 );
INSERT INTO RESTAURANT (id, name, location, open_from, open_until, manager_id) VALUES ( 6, 'Červené jablko',  'Polská 1201/1,  Olomouc',  '09:00',  '23:59',  6 );
INSERT INTO RESTAURANT (id, name, location, open_from, open_until, manager_id) VALUES ( 7, 'Melodie',  'Francouzská 112/25,  Františkovy lázně',  '11:00',  '12:30',  4 );
INSERT INTO RESTAURANT (id, name, location, open_from, open_until, manager_id) VALUES ( 8, 'Pizzerie Verdi',  'Hradební 5440/1,  Jihlava',  '18:00',  '23:59',  3 );
INSERT INTO RESTAURANT (id, name, location, open_from, open_until, manager_id) VALUES ( 9, 'Pizzerie Maestro',  'Stará cesta 1826,  Vsetín',  '10:00',  '22:00',  7 );
INSERT INTO RESTAURANT (id, name, location, open_from, open_until, manager_id) VALUES ( 10, 'Aqua patet',  'Bechyňova 2744/8,  Praha',  '09:00',  '12:00',  5 );
INSERT INTO RESTAURANT (id, name, location, open_from, open_until, manager_id) VALUES ( 11, 'Pizzerie Verdi',  'Českobudějovická 312,  Kaplice',  '00:00',  '06:00',  8 );
INSERT INTO RESTAURANT (id, name, location, open_from, open_until, manager_id) VALUES ( 12, 'Melodie',  'Hlavní 18,  Šanov',  '12:00',  '18:00',  8 );

-- Seznam ingrediencí (co nejblíže reálným hodnotám)

INSERT INTO INGREDIENT (id, name, fat, fiber, protein, sugar) VALUES ( 1,  'voda',  0,  0,  0,  0 );
INSERT INTO INGREDIENT (id, name, fat, fiber, protein, sugar) VALUES ( 2,  'domácí nudle',  2,  0,  15,  73 );
INSERT INTO INGREDIENT (id, name, fat, fiber, protein, sugar) VALUES ( 3,  'játrový knedlíček',  15,  1,  12,  13 );
INSERT INTO INGREDIENT (id, name, fat, fiber, protein, sugar) VALUES ( 4,  'česnek',  0,  2,  6,  25 );
INSERT INTO INGREDIENT (id, name, fat, fiber, protein, sugar) VALUES ( 5,  'celestýnské nudle',  3,  0,  7,  3 );
INSERT INTO INGREDIENT (id, name, fat, fiber, protein, sugar) VALUES ( 6,  'hrášek',  0,  0,  5,  11 );
INSERT INTO INGREDIENT (id, name, fat, fiber, protein, sugar) VALUES ( 7,  'chléb',  1,  4,  8,  45 );
INSERT INTO INGREDIENT (id, name, fat, fiber, protein, sugar) VALUES ( 8,  'kapr',  12,  0,  18,  1 );
INSERT INTO INGREDIENT (id, name, fat, fiber, protein, sugar) VALUES ( 9,  'niva',  32,  0,  21,  1 );
INSERT INTO INGREDIENT (id, name, fat, fiber, protein, sugar) VALUES ( 10,  'rajčatová omáčka',  6,  1,  2,  8 );
INSERT INTO INGREDIENT (id, name, fat, fiber, protein, sugar) VALUES ( 11,  'masové koule',  17,  0,  7,  12 );
INSERT INTO INGREDIENT (id, name, fat, fiber, protein, sugar) VALUES ( 12,  'houska',  1,  3,  8,  60 );
INSERT INTO INGREDIENT (id, name, fat, fiber, protein, sugar) VALUES ( 13,  'šunka',  6,  0,  18,  2 );
INSERT INTO INGREDIENT (id, name, fat, fiber, protein, sugar) VALUES ( 14,  'sýr',  17,  0,  27,  1 );
INSERT INTO INGREDIENT (id, name, fat, fiber, protein, sugar) VALUES ( 15,  'rajče',  0,  1,  1,  4 );
INSERT INTO INGREDIENT (id, name, fat, fiber, protein, sugar) VALUES ( 16,  'salát',  0,  2,  1,  3 );
INSERT INTO INGREDIENT (id, name, fat, fiber, protein, sugar) VALUES ( 17,  'něco pod tím',  6,  0,  11,  0 );
INSERT INTO INGREDIENT (id, name, fat, fiber, protein, sugar) VALUES ( 18,  'brambory',  0,  2,  1,  16 );
INSERT INTO INGREDIENT (id, name, fat, fiber, protein, sugar) VALUES ( 19,  'rozmarýn',  6,  0,  3,  21 );
INSERT INTO INGREDIENT (id, name, fat, fiber, protein, sugar) VALUES ( 20,  'koňské maso',  7,  0,  21,  1 );
INSERT INTO INGREDIENT (id, name, fat, fiber, protein, sugar) VALUES ( 21,  'hovězí maso',  8,  0,  25,  0 );
INSERT INTO INGREDIENT (id, name, fat, fiber, protein, sugar) VALUES ( 22,  'wasabi',  7,  0,  3,  53 );
INSERT INTO INGREDIENT (id, name, fat, fiber, protein, sugar) VALUES ( 23,  'špenát',  0,  2,  2,  3 );

-- Seznam jídel (co nejblíže reálné situaci)

INSERT INTO FOOD (id, name, price) VALUES ( 1,  'Vývar s nudlemi a játrovým knedlíčkem',  40 );
INSERT INTO FOOD (id, name, price) VALUES ( 2,  'Hovězí vývar s celestýnskými nudlemi',  50 );
INSERT INTO FOOD (id, name, price) VALUES ( 3,  'Hráškový krém s opečeným chlebíčkem',  50 );
INSERT INTO FOOD (id, name, price) VALUES ( 4,  'Kapr s nivou',  200 );
INSERT INTO FOOD (id, name, price) VALUES ( 5,  'Rumcajsovy koule',  150 );
INSERT INTO FOOD (id, name, price) VALUES ( 6,  'Burger podle Pata a Mata',  160 );
INSERT INTO FOOD (id, name, price) VALUES ( 7,  'Zlatá česká trojkombinace',  250 );
INSERT INTO FOOD (id, name, price) VALUES ( 8,  'Zapékané rozmarýnové brambory',  300 );
INSERT INTO FOOD (id, name, price) VALUES ( 9,  'Filipínské kebaby',  179 );
INSERT INTO FOOD (id, name, price) VALUES ( 10,  'Steak s wasabi špenátem',  349 );

-- Seznam vztahů ingrediencí k jídlům, téměř dle reálné situace (s občasnou nadsázkou)

INSERT INTO FOOD_INGREDIENT (ingredient_count, unit, ingredient_id, food_id) VALUES ( 200,  'ml',  1, 1 );
INSERT INTO FOOD_INGREDIENT (ingredient_count, unit, ingredient_id, food_id) VALUES ( 50,  'g',  2, 1 );
INSERT INTO FOOD_INGREDIENT (ingredient_count, unit, ingredient_id, food_id) VALUES ( 30,  'g',  3, 1 );
INSERT INTO FOOD_INGREDIENT (ingredient_count, unit, ingredient_id, food_id) VALUES ( 5,  'kg',  4, 1 );
INSERT INTO FOOD_INGREDIENT (ingredient_count, unit, ingredient_id, food_id) VALUES ( 200,  'ml',  1, 2 );
INSERT INTO FOOD_INGREDIENT (ingredient_count, unit, ingredient_id, food_id) VALUES ( 80,  'g',  5, 2 );
INSERT INTO FOOD_INGREDIENT (ingredient_count, unit, ingredient_id, food_id) VALUES ( 200,  'ml',  1, 3 );
INSERT INTO FOOD_INGREDIENT (ingredient_count, unit, ingredient_id, food_id) VALUES ( 80,  'g',  6, 3 );
INSERT INTO FOOD_INGREDIENT (ingredient_count, unit, ingredient_id, food_id) VALUES ( 30,  'g',  7, 3 );
INSERT INTO FOOD_INGREDIENT (ingredient_count, unit, ingredient_id, food_id) VALUES ( 150,  'g',  8, 4 );
INSERT INTO FOOD_INGREDIENT (ingredient_count, unit, ingredient_id, food_id) VALUES ( 50,  'g',  9, 4 );
INSERT INTO FOOD_INGREDIENT (ingredient_count, unit, ingredient_id, food_id) VALUES ( 5,  'kg',  4, 4 );
INSERT INTO FOOD_INGREDIENT (ingredient_count, unit, ingredient_id, food_id) VALUES ( 80,  'g',  11, 5 );
INSERT INTO FOOD_INGREDIENT (ingredient_count, unit, ingredient_id, food_id) VALUES ( 150,  'ml',  10, 5 );
INSERT INTO FOOD_INGREDIENT (ingredient_count, unit, ingredient_id, food_id) VALUES ( 2,  'ks',  12, 6 );
INSERT INTO FOOD_INGREDIENT (ingredient_count, unit, ingredient_id, food_id) VALUES ( 10,  'dkg',  13, 6 );
INSERT INTO FOOD_INGREDIENT (ingredient_count, unit, ingredient_id, food_id) VALUES ( 10,  'dkg',  14, 6 );
INSERT INTO FOOD_INGREDIENT (ingredient_count, unit, ingredient_id, food_id) VALUES ( 25,  'g',  15, 6 );
INSERT INTO FOOD_INGREDIENT (ingredient_count, unit, ingredient_id, food_id) VALUES ( 79,  'g',  16, 6 );
INSERT INTO FOOD_INGREDIENT (ingredient_count, unit, ingredient_id, food_id) VALUES ( 50,  'g',  9, 7 );
INSERT INTO FOOD_INGREDIENT (ingredient_count, unit, ingredient_id, food_id) VALUES ( 5,  'kg',  4, 7 );
INSERT INTO FOOD_INGREDIENT (ingredient_count, unit, ingredient_id, food_id) VALUES ( 150,  'g',  17, 7 );
INSERT INTO FOOD_INGREDIENT (ingredient_count, unit, ingredient_id, food_id) VALUES ( 200,  'g',  18, 8 );
INSERT INTO FOOD_INGREDIENT (ingredient_count, unit, ingredient_id, food_id) VALUES ( 10,  'dkg',  13, 8 );
INSERT INTO FOOD_INGREDIENT (ingredient_count, unit, ingredient_id, food_id) VALUES ( 7,  'dkg',  14, 8 );
INSERT INTO FOOD_INGREDIENT (ingredient_count, unit, ingredient_id, food_id) VALUES ( 15,  'g',  19, 8 );
INSERT INTO FOOD_INGREDIENT (ingredient_count, unit, ingredient_id, food_id) VALUES ( 80,  'g',  20, 9 );
INSERT INTO FOOD_INGREDIENT (ingredient_count, unit, ingredient_id, food_id) VALUES ( 50,  'g',  16, 9 );
INSERT INTO FOOD_INGREDIENT (ingredient_count, unit, ingredient_id, food_id) VALUES ( 2,  'ks',  15, 9 );
INSERT INTO FOOD_INGREDIENT (ingredient_count, unit, ingredient_id, food_id) VALUES ( 80,  'g',  21, 10 );
INSERT INTO FOOD_INGREDIENT (ingredient_count, unit, ingredient_id, food_id) VALUES ( 20,  'g',  22, 10 );
INSERT INTO FOOD_INGREDIENT (ingredient_count, unit, ingredient_id, food_id) VALUES ( 120,  'g',  23, 10 );
INSERT INTO FOOD_INGREDIENT (ingredient_count, unit, ingredient_id, food_id) VALUES ( 100,  'g',  18, 10 );

-- Zaměstananci (vygenerováno pseudonáhodně C++ programem)

INSERT INTO EMPLOYEE (id, cook, first_name, last_name, salary, restaurant_id) VALUES ( 1, 0, 'Jan', 'Ševčík', 18000, 1);
INSERT INTO EMPLOYEE (id, cook, first_name, last_name, salary, restaurant_id) VALUES ( 2, 1, 'Karel', 'Skřivánek', 34000, 1);
INSERT INTO EMPLOYEE (id, cook, first_name, last_name, salary, restaurant_id) VALUES ( 3, 0, 'Jan', 'Novotný', 21000, 1);
INSERT INTO EMPLOYEE (id, cook, first_name, last_name, salary, restaurant_id) VALUES ( 4, 1, 'Karel', 'Janoušek', 31000, 1);
INSERT INTO EMPLOYEE (id, cook, first_name, last_name, salary, restaurant_id) VALUES ( 5, 1, 'Jan', 'Novotný', 36000, 1);
INSERT INTO EMPLOYEE (id, cook, first_name, last_name, salary, restaurant_id) VALUES ( 6, 0, 'Jan', 'Tříska', 33000, 1);
INSERT INTO EMPLOYEE (id, cook, first_name, last_name, salary, restaurant_id) VALUES ( 7, 0, 'Filip', 'Tříska', 14000, 1);
INSERT INTO EMPLOYEE (id, cook, first_name, last_name, salary, restaurant_id) VALUES ( 8, 0, 'Vojtěch', 'Janoušek', 22000, 1);
INSERT INTO EMPLOYEE (id, cook, first_name, last_name, salary, restaurant_id) VALUES ( 9, 1, 'Hugo', 'Ševčík', 19000, 2);
INSERT INTO EMPLOYEE (id, cook, first_name, last_name, salary, restaurant_id) VALUES ( 10, 0, 'Jan', 'Novák', 39000, 2);
INSERT INTO EMPLOYEE (id, cook, first_name, last_name, salary, restaurant_id) VALUES ( 11, 1, 'Filip', 'Konvalinka', 21000, 2);
INSERT INTO EMPLOYEE (id, cook, first_name, last_name, salary, restaurant_id) VALUES ( 12, 1, 'Josef', 'Novák', 18000, 2);
INSERT INTO EMPLOYEE (id, cook, first_name, last_name, salary, restaurant_id) VALUES ( 13, 0, 'Erik', 'Ševčík', 12000, 2);
INSERT INTO EMPLOYEE (id, cook, first_name, last_name, salary, restaurant_id) VALUES ( 14, 0, 'Josef', 'Novotný', 28000, 2);
INSERT INTO EMPLOYEE (id, cook, first_name, last_name, salary, restaurant_id) VALUES ( 15, 0, 'Hugo', 'Ševčík', 38000, 2);
INSERT INTO EMPLOYEE (id, cook, first_name, last_name, salary, restaurant_id) VALUES ( 16, 1, 'Jan', 'Skřivánek', 13000, 2);
INSERT INTO EMPLOYEE (id, cook, first_name, last_name, salary, restaurant_id) VALUES ( 17, 0, 'Josef', 'Vyskočil', 29000, 3);
INSERT INTO EMPLOYEE (id, cook, first_name, last_name, salary, restaurant_id) VALUES ( 18, 1, 'Erik', 'Vomáčka', 25000, 3);
INSERT INTO EMPLOYEE (id, cook, first_name, last_name, salary, restaurant_id) VALUES ( 19, 1, 'Zdeněk', 'Ševčík', 24000, 3);
INSERT INTO EMPLOYEE (id, cook, first_name, last_name, salary, restaurant_id) VALUES ( 20, 1, 'Jan', 'Vomáčka', 22000, 3);
INSERT INTO EMPLOYEE (id, cook, first_name, last_name, salary, restaurant_id) VALUES ( 21, 1, 'Erik', 'Janoušek', 15000, 3);
INSERT INTO EMPLOYEE (id, cook, first_name, last_name, salary, restaurant_id) VALUES ( 22, 0, 'Zdeněk', 'Novák', 22000, 3);
INSERT INTO EMPLOYEE (id, cook, first_name, last_name, salary, restaurant_id) VALUES ( 23, 0, 'Filip', 'Vomáčka', 14000, 3);
INSERT INTO EMPLOYEE (id, cook, first_name, last_name, salary, restaurant_id) VALUES ( 24, 0, 'Zikmund', 'Konvalinka', 17000, 3);
INSERT INTO EMPLOYEE (id, cook, first_name, last_name, salary, restaurant_id) VALUES ( 25, 0, 'Erik', 'Janoušek', 23000, 4);
INSERT INTO EMPLOYEE (id, cook, first_name, last_name, salary, restaurant_id) VALUES ( 26, 1, 'Patrik', 'Vyskočil', 37000, 4);
INSERT INTO EMPLOYEE (id, cook, first_name, last_name, salary, restaurant_id) VALUES ( 27, 1, 'Zdeněk', 'Skřivánek', 21000, 4);
INSERT INTO EMPLOYEE (id, cook, first_name, last_name, salary, restaurant_id) VALUES ( 28, 0, 'Vojtěch', 'Vomáčka', 15000, 4);
INSERT INTO EMPLOYEE (id, cook, first_name, last_name, salary, restaurant_id) VALUES ( 29, 0, 'Karel', 'Tříska', 28000, 4);
INSERT INTO EMPLOYEE (id, cook, first_name, last_name, salary, restaurant_id) VALUES ( 30, 1, 'Patrik', 'Skřivánek', 32000, 5);
INSERT INTO EMPLOYEE (id, cook, first_name, last_name, salary, restaurant_id) VALUES ( 31, 0, 'Filip', 'Novotný', 26000, 6);
INSERT INTO EMPLOYEE (id, cook, first_name, last_name, salary, restaurant_id) VALUES ( 32, 0, 'Karel', 'Vomáčka', 22000, 6);
INSERT INTO EMPLOYEE (id, cook, first_name, last_name, salary, restaurant_id) VALUES ( 33, 0, 'Patrik', 'Novák', 27000, 6);
INSERT INTO EMPLOYEE (id, cook, first_name, last_name, salary, restaurant_id) VALUES ( 34, 1, 'Erik', 'Novák', 18000, 6);
INSERT INTO EMPLOYEE (id, cook, first_name, last_name, salary, restaurant_id) VALUES ( 35, 0, 'Josef', 'Janoušek', 36000, 6);
INSERT INTO EMPLOYEE (id, cook, first_name, last_name, salary, restaurant_id) VALUES ( 36, 0, 'Hugo', 'Tříska', 31000, 6);
INSERT INTO EMPLOYEE (id, cook, first_name, last_name, salary, restaurant_id) VALUES ( 37, 1, 'Karel', 'Vyskočil', 15000, 6);
INSERT INTO EMPLOYEE (id, cook, first_name, last_name, salary, restaurant_id) VALUES ( 38, 0, 'Zdeněk', 'Ševčík', 13000, 6);
INSERT INTO EMPLOYEE (id, cook, first_name, last_name, salary, restaurant_id) VALUES ( 39, 0, 'Vojtěch', 'Konvalinka', 39000, 6);
INSERT INTO EMPLOYEE (id, cook, first_name, last_name, salary, restaurant_id) VALUES ( 40, 0, 'Hugo', 'Vyskočil', 26000, 7);
INSERT INTO EMPLOYEE (id, cook, first_name, last_name, salary, restaurant_id) VALUES ( 41, 0, 'Zdeněk', 'Konvalinka', 34000, 7);
INSERT INTO EMPLOYEE (id, cook, first_name, last_name, salary, restaurant_id) VALUES ( 42, 0, 'Zdeněk', 'Ševčík', 38000, 7);
INSERT INTO EMPLOYEE (id, cook, first_name, last_name, salary, restaurant_id) VALUES ( 43, 1, 'Hugo', 'Novotný', 15000, 7);
INSERT INTO EMPLOYEE (id, cook, first_name, last_name, salary, restaurant_id) VALUES ( 44, 1, 'Vojtěch', 'Janoušek', 20000, 8);
INSERT INTO EMPLOYEE (id, cook, first_name, last_name, salary, restaurant_id) VALUES ( 45, 1, 'Patrik', 'Vomáčka', 28000, 8);
INSERT INTO EMPLOYEE (id, cook, first_name, last_name, salary, restaurant_id) VALUES ( 46, 0, 'Filip', 'Novotný', 20000, 8);
INSERT INTO EMPLOYEE (id, cook, first_name, last_name, salary, restaurant_id) VALUES ( 47, 0, 'Vojtěch', 'Vomáčka', 13000, 8);
INSERT INTO EMPLOYEE (id, cook, first_name, last_name, salary, restaurant_id) VALUES ( 48, 0, 'Karel', 'Novák', 39000, 8);
INSERT INTO EMPLOYEE (id, cook, first_name, last_name, salary, restaurant_id) VALUES ( 49, 0, 'Zdeněk', 'Vomáčka', 34000, 8);
INSERT INTO EMPLOYEE (id, cook, first_name, last_name, salary, restaurant_id) VALUES ( 50, 1, 'Karel', 'Vomáčka', 15000, 8);
INSERT INTO EMPLOYEE (id, cook, first_name, last_name, salary, restaurant_id) VALUES ( 51, 1, 'Jan', 'Janoušek', 33000, 8);
INSERT INTO EMPLOYEE (id, cook, first_name, last_name, salary, restaurant_id) VALUES ( 52, 0, 'Hugo', 'Spěvák', 19000, 9);
INSERT INTO EMPLOYEE (id, cook, first_name, last_name, salary, restaurant_id) VALUES ( 53, 1, 'Patrik', 'Novák', 13000, 9);
INSERT INTO EMPLOYEE (id, cook, first_name, last_name, salary, restaurant_id) VALUES ( 54, 1, 'Josef', 'Vomáčka', 16000, 9);
INSERT INTO EMPLOYEE (id, cook, first_name, last_name, salary, restaurant_id) VALUES ( 55, 0, 'Jan', 'Skřivánek', 19000, 9);
INSERT INTO EMPLOYEE (id, cook, first_name, last_name, salary, restaurant_id) VALUES ( 56, 0, 'Erik', 'Spěvák', 20000, 9);
INSERT INTO EMPLOYEE (id, cook, first_name, last_name, salary, restaurant_id) VALUES ( 57, 1, 'Zdeněk', 'Vomáčka', 25000, 9);
INSERT INTO EMPLOYEE (id, cook, first_name, last_name, salary, restaurant_id) VALUES ( 58, 1, 'Filip', 'Tříska', 36000, 10);
INSERT INTO EMPLOYEE (id, cook, first_name, last_name, salary, restaurant_id) VALUES ( 59, 0, 'Vojtěch', 'Konvalinka', 35000, 10);
INSERT INTO EMPLOYEE (id, cook, first_name, last_name, salary, restaurant_id) VALUES ( 60, 1, 'Zikmund', 'Vyskočil', 21000, 10);
INSERT INTO EMPLOYEE (id, cook, first_name, last_name, salary, restaurant_id) VALUES ( 61, 1, 'Zdeněk', 'Vyskočil', 12000, 10);
INSERT INTO EMPLOYEE (id, cook, first_name, last_name, salary, restaurant_id) VALUES ( 62, 1, 'Erik', 'Tříska', 27000, 10);
INSERT INTO EMPLOYEE (id, cook, first_name, last_name, salary, restaurant_id) VALUES ( 63, 1, 'Erik', 'Skřivánek', 39000, 11);
INSERT INTO EMPLOYEE (id, cook, first_name, last_name, salary, restaurant_id) VALUES ( 64, 1, 'Erik', 'Vomáčka', 46000, 12);

-- Seznam stolů (vygenerováno pseudonáhodně C++ programem)

INSERT INTO TTABLE (id, capacity, type, restaurant_id, waiter_id) VALUES ( 1, 2, 0, 1, 8 );
INSERT INTO TTABLE (id, capacity, type, restaurant_id, waiter_id) VALUES ( 2, 6, 1, 1, 2 );
INSERT INTO TTABLE (id, capacity, type, restaurant_id, waiter_id) VALUES ( 3, 4, 0, 1, 6 );
INSERT INTO TTABLE (id, capacity, type, restaurant_id, waiter_id) VALUES ( 4, 9, 1, 1, 5 );
INSERT INTO TTABLE (id, capacity, type, restaurant_id, waiter_id) VALUES ( 5, 5, 1, 1, 1 );
INSERT INTO TTABLE (id, capacity, type, restaurant_id, waiter_id) VALUES ( 6, 7, 1, 2, 13 );
INSERT INTO TTABLE (id, capacity, type, restaurant_id, waiter_id) VALUES ( 7, 6, 0, 2, 9 );
INSERT INTO TTABLE (id, capacity, type, restaurant_id, waiter_id) VALUES ( 8, 1, 1, 2, 10 );
INSERT INTO TTABLE (id, capacity, type, restaurant_id, waiter_id) VALUES ( 9, 1, 0, 3, 18 );
INSERT INTO TTABLE (id, capacity, type, restaurant_id, waiter_id) VALUES ( 10, 7, 0, 3, 24 );
INSERT INTO TTABLE (id, capacity, type, restaurant_id, waiter_id) VALUES ( 11, 1, 0, 3, 19 );
INSERT INTO TTABLE (id, capacity, type, restaurant_id, waiter_id) VALUES ( 12, 3, 1, 3, 22 );
INSERT INTO TTABLE (id, capacity, type, restaurant_id, waiter_id) VALUES ( 13, 8, 1, 4, 25 );
INSERT INTO TTABLE (id, capacity, type, restaurant_id, waiter_id) VALUES ( 14, 2, 1, 4, 25 );
INSERT INTO TTABLE (id, capacity, type, restaurant_id, waiter_id) VALUES ( 15, 9, 1, 4, 25 );
INSERT INTO TTABLE (id, capacity, type, restaurant_id, waiter_id) VALUES ( 16, 4, 0, 4, 26 );
INSERT INTO TTABLE (id, capacity, type, restaurant_id, waiter_id) VALUES ( 17, 10, 1, 4, 27 );
INSERT INTO TTABLE (id, capacity, type, restaurant_id, waiter_id) VALUES ( 18, 2, 1, 4, 29 );
INSERT INTO TTABLE (id, capacity, type, restaurant_id, waiter_id) VALUES ( 19, 5, 0, 5, 30 );
INSERT INTO TTABLE (id, capacity, type, restaurant_id, waiter_id) VALUES ( 20, 3, 1, 5, 30 );
INSERT INTO TTABLE (id, capacity, type, restaurant_id, waiter_id) VALUES ( 21, 11, 0, 5, 30 );
INSERT INTO TTABLE (id, capacity, type, restaurant_id, waiter_id) VALUES ( 22, 10, 0, 5, 30 );
INSERT INTO TTABLE (id, capacity, type, restaurant_id, waiter_id) VALUES ( 23, 11, 1, 5, 30 );
INSERT INTO TTABLE (id, capacity, type, restaurant_id, waiter_id) VALUES ( 24, 11, 1, 5, 30 );
INSERT INTO TTABLE (id, capacity, type, restaurant_id, waiter_id) VALUES ( 25, 1, 1, 5, 30 );
INSERT INTO TTABLE (id, capacity, type, restaurant_id, waiter_id) VALUES ( 26, 4, 1, 5, 30 );
INSERT INTO TTABLE (id, capacity, type, restaurant_id, waiter_id) VALUES ( 27, 1, 1, 6, 32 );
INSERT INTO TTABLE (id, capacity, type, restaurant_id, waiter_id) VALUES ( 28, 5, 0, 6, 33 );
INSERT INTO TTABLE (id, capacity, type, restaurant_id, waiter_id) VALUES ( 29, 10, 1, 6, 31 );
INSERT INTO TTABLE (id, capacity, type, restaurant_id, waiter_id) VALUES ( 30, 4, 0, 6, 31 );
INSERT INTO TTABLE (id, capacity, type, restaurant_id, waiter_id) VALUES ( 31, 7, 0, 6, 36 );
INSERT INTO TTABLE (id, capacity, type, restaurant_id, waiter_id) VALUES ( 32, 7, 0, 6, 32 );
INSERT INTO TTABLE (id, capacity, type, restaurant_id, waiter_id) VALUES ( 33, 3, 0, 6, 34 );
INSERT INTO TTABLE (id, capacity, type, restaurant_id, waiter_id) VALUES ( 34, 4, 0, 7, 41 );
INSERT INTO TTABLE (id, capacity, type, restaurant_id, waiter_id) VALUES ( 35, 11, 1, 7, 41 );
INSERT INTO TTABLE (id, capacity, type, restaurant_id, waiter_id) VALUES ( 36, 7, 0, 7, 41 );
INSERT INTO TTABLE (id, capacity, type, restaurant_id, waiter_id) VALUES ( 37, 5, 1, 8, 49 );
INSERT INTO TTABLE (id, capacity, type, restaurant_id, waiter_id) VALUES ( 38, 5, 0, 8, 44 );
INSERT INTO TTABLE (id, capacity, type, restaurant_id, waiter_id) VALUES ( 39, 11, 0, 8, 44 );
INSERT INTO TTABLE (id, capacity, type, restaurant_id, waiter_id) VALUES ( 40, 8, 1, 8, 44 );
INSERT INTO TTABLE (id, capacity, type, restaurant_id, waiter_id) VALUES ( 41, 4, 1, 8, 47 );
INSERT INTO TTABLE (id, capacity, type, restaurant_id, waiter_id) VALUES ( 42, 6, 1, 8, 50 );
INSERT INTO TTABLE (id, capacity, type, restaurant_id, waiter_id) VALUES ( 43, 3, 0, 8, 44 );
INSERT INTO TTABLE (id, capacity, type, restaurant_id, waiter_id) VALUES ( 44, 10, 1, 9, 57 );
INSERT INTO TTABLE (id, capacity, type, restaurant_id, waiter_id) VALUES ( 45, 8, 1, 9, 53 );
INSERT INTO TTABLE (id, capacity, type, restaurant_id, waiter_id) VALUES ( 46, 6, 1, 9, 52 );
INSERT INTO TTABLE (id, capacity, type, restaurant_id, waiter_id) VALUES ( 47, 10, 1, 9, 53 );
INSERT INTO TTABLE (id, capacity, type, restaurant_id, waiter_id) VALUES ( 48, 1, 1, 9, 52 );
INSERT INTO TTABLE (id, capacity, type, restaurant_id, waiter_id) VALUES ( 49, 3, 0, 10, 60 );
INSERT INTO TTABLE (id, capacity, type, restaurant_id, waiter_id) VALUES ( 50, 11, 1, 10, 60 );
INSERT INTO TTABLE (id, capacity, type, restaurant_id, waiter_id) VALUES ( 51, 7, 0, 10, 58 );
INSERT INTO TTABLE (id, capacity, type, restaurant_id, waiter_id) VALUES ( 52, 4, 1, 10, 61 );
INSERT INTO TTABLE (id, capacity, type, restaurant_id, waiter_id) VALUES ( 53, 5, 0, 11, 63 );
INSERT INTO TTABLE (id, capacity, type, restaurant_id, waiter_id) VALUES ( 54, 9, 0, 11, 63 );
INSERT INTO TTABLE (id, capacity, type, restaurant_id, waiter_id) VALUES ( 55, 8, 1, 11, 63 );
INSERT INTO TTABLE (id, capacity, type, restaurant_id, waiter_id) VALUES ( 56, 12, 1, 12, 64 );
INSERT INTO TTABLE (id, capacity, type, restaurant_id, waiter_id) VALUES ( 57, 10, 1, 12, 64 );
INSERT INTO TTABLE (id, capacity, type, restaurant_id, waiter_id) VALUES ( 58, 15, 1, 12, 64 );

-- Seznam zákazníků, pseudonáhodně vygenerován C++ programem

INSERT INTO CUSTOMER (id, age, first_name, last_name, table_id, restaurant_id) VALUES ( 1, 39, 'Zdeněk', 'Vomáčka', 10, 3 );
INSERT INTO CUSTOMER (id, age, first_name, last_name, table_id, restaurant_id) VALUES ( 2, 89, 'Zikmund', 'Konvalinka', 33, 6 );
INSERT INTO CUSTOMER (id, age, first_name, last_name, table_id, restaurant_id) VALUES ( 3, 98, 'Karel', 'Novotný', 1, 1 );
INSERT INTO CUSTOMER (id, age, first_name, last_name, table_id, restaurant_id) VALUES ( 4, 67, 'Karel', 'Tříska', 3, 1 );
INSERT INTO CUSTOMER (id, age, first_name, last_name, table_id, restaurant_id) VALUES ( 5, 1, 'Erik', 'Konvalinka', 26, 5 );
INSERT INTO CUSTOMER (id, age, first_name, last_name, table_id, restaurant_id) VALUES ( 6, 71, 'Josef', 'Novák', 26, 5 );
INSERT INTO CUSTOMER (id, age, first_name, last_name, table_id, restaurant_id) VALUES ( 7, 45, 'Hugo', 'Novotný', 3, 1 );
INSERT INTO CUSTOMER (id, age, first_name, last_name, table_id, restaurant_id) VALUES ( 8, 53, 'Patrik', 'Novotný', 28, 6 );
INSERT INTO CUSTOMER (id, age, first_name, last_name, table_id, restaurant_id) VALUES ( 9, 94, 'Filip', 'Janoušek', 20, 5 );
INSERT INTO CUSTOMER (id, age, first_name, last_name, table_id, restaurant_id) VALUES ( 10, 31, 'Karel', 'Konvalinka', 26, 5 );
INSERT INTO CUSTOMER (id, age, first_name, last_name, table_id, restaurant_id) VALUES ( 11, 15, 'Zdeněk', 'Novák', 10, 3 );
INSERT INTO CUSTOMER (id, age, first_name, last_name, table_id, restaurant_id) VALUES ( 12, 3, 'Zdeněk', 'Vyskočil', 38, 8 );
INSERT INTO CUSTOMER (id, age, first_name, last_name, table_id, restaurant_id) VALUES ( 13, 15, 'Hugo', 'Konvalinka', 22, 5 );
INSERT INTO CUSTOMER (id, age, first_name, last_name, table_id, restaurant_id) VALUES ( 14, 81, 'Hugo', 'Novák', 10, 3 );
INSERT INTO CUSTOMER (id, age, first_name, last_name, table_id, restaurant_id) VALUES ( 15, 27, 'Zikmund', 'Vyskočil', 29, 6 );
INSERT INTO CUSTOMER (id, age, first_name, last_name, table_id, restaurant_id) VALUES ( 16, 67, 'Jan', 'Konvalinka', 12, 3 );
INSERT INTO CUSTOMER (id, age, first_name, last_name, table_id, restaurant_id) VALUES ( 17, 76, 'Zikmund', 'Janoušek', 9, 3 );
INSERT INTO CUSTOMER (id, age, first_name, last_name, table_id, restaurant_id) VALUES ( 18, 91, 'Hugo', 'Vyskočil', 33, 6 );
INSERT INTO CUSTOMER (id, age, first_name, last_name, table_id, restaurant_id) VALUES ( 19, 18, 'Josef', 'Skřivánek', 25, 5 );
INSERT INTO CUSTOMER (id, age, first_name, last_name, table_id, restaurant_id) VALUES ( 20, 67, 'Jan', 'Vyskočil', 50, 10 );
INSERT INTO CUSTOMER (id, age, first_name, last_name, table_id, restaurant_id) VALUES ( 21, 18, 'Josef', 'Tříska', 12, 3 );
INSERT INTO CUSTOMER (id, age, first_name, last_name, table_id, restaurant_id) VALUES ( 22, 40, 'Zdeněk', 'Novotný', 6, 2 );
INSERT INTO CUSTOMER (id, age, first_name, last_name, table_id, restaurant_id) VALUES ( 23, 35, 'Filip', 'Vyskočil', 48, 9 );
INSERT INTO CUSTOMER (id, age, first_name, last_name, table_id, restaurant_id) VALUES ( 24, 52, 'Zdeněk', 'Konvalinka', 2, 1 );
INSERT INTO CUSTOMER (id, age, first_name, last_name, table_id, restaurant_id) VALUES ( 25, 75, 'Vojtěch', 'Novotný', 11, 3 );
INSERT INTO CUSTOMER (id, age, first_name, last_name, table_id, restaurant_id) VALUES ( 26, 92, 'Hugo', 'Janoušek', 32, 6 );
INSERT INTO CUSTOMER (id, age, first_name, last_name, table_id, restaurant_id) VALUES ( 27, 47, 'Vojtěch', 'Ševčík', 46, 9 );
INSERT INTO CUSTOMER (id, age, first_name, last_name, table_id, restaurant_id) VALUES ( 28, 64, 'Jan', 'Novák', 18, 4 );
INSERT INTO CUSTOMER (id, age, first_name, last_name, table_id, restaurant_id) VALUES ( 29, 89, 'Hugo', 'Janoušek', 26, 5 );
INSERT INTO CUSTOMER (id, age, first_name, last_name, table_id, restaurant_id) VALUES ( 30, 38, 'Filip', 'Vyskočil', 10, 3 );
INSERT INTO CUSTOMER (id, age, first_name, last_name, table_id, restaurant_id) VALUES ( 31, 19, 'Zikmund', 'Janoušek', 28, 6 );
INSERT INTO CUSTOMER (id, age, first_name, last_name, table_id, restaurant_id) VALUES ( 32, 59, 'Patrik', 'Vomáčka', 1, 1 );
INSERT INTO CUSTOMER (id, age, first_name, last_name, table_id, restaurant_id) VALUES ( 33, 84, 'Jan', 'Skřivánek', 24, 5 );
INSERT INTO CUSTOMER (id, age, first_name, last_name, table_id, restaurant_id) VALUES ( 34, 67, 'Jan', 'Vomáčka', 18, 4 );
INSERT INTO CUSTOMER (id, age, first_name, last_name, table_id, restaurant_id) VALUES ( 35, 76, 'Erik', 'Vomáčka', 29, 6 );
INSERT INTO CUSTOMER (id, age, first_name, last_name, table_id, restaurant_id) VALUES ( 36, 31, 'Filip', 'Vyskočil', 28, 6 );
INSERT INTO CUSTOMER (id, age, first_name, last_name, table_id, restaurant_id) VALUES ( 37, 39, 'Zdeněk', 'Ševčík', 10, 3 );
INSERT INTO CUSTOMER (id, age, first_name, last_name, table_id, restaurant_id) VALUES ( 38, 65, 'Erik', 'Janoušek', 10, 3 );
INSERT INTO CUSTOMER (id, age, first_name, last_name, table_id, restaurant_id) VALUES ( 39, 65, 'Erik', 'Skřivánek', 19, 5 );
INSERT INTO CUSTOMER (id, age, first_name, last_name, table_id, restaurant_id) VALUES ( 40, 50, 'Filip', 'Spěvák', 46, 9 );
INSERT INTO CUSTOMER (id, age, first_name, last_name, table_id, restaurant_id) VALUES ( 41, 54, 'Patrik', 'Janoušek', 10, 3 );
INSERT INTO CUSTOMER (id, age, first_name, last_name, table_id, restaurant_id) VALUES ( 42, 65, 'Patrik', 'Spěvák', 38, 8 );
INSERT INTO CUSTOMER (id, age, first_name, last_name, table_id, restaurant_id) VALUES ( 43, 16, 'Josef', 'Spěvák', 52, 10 );
INSERT INTO CUSTOMER (id, age, first_name, last_name, table_id, restaurant_id) VALUES ( 44, 8, 'Filip', 'Janoušek', 19, 5 );
INSERT INTO CUSTOMER (id, age, first_name, last_name, table_id, restaurant_id) VALUES ( 45, 52, 'Zikmund', 'Novák', 20, 5 );
INSERT INTO CUSTOMER (id, age, first_name, last_name, table_id, restaurant_id) VALUES ( 46, 96, 'Vojtěch', 'Novotný', 24, 5 );
INSERT INTO CUSTOMER (id, age, first_name, last_name, table_id, restaurant_id) VALUES ( 47, 55, 'Erik', 'Spěvák', 28, 6 );
INSERT INTO CUSTOMER (id, age, first_name, last_name, table_id, restaurant_id) VALUES ( 48, 27, 'Karel', 'Skřivánek', 39, 8 );
INSERT INTO CUSTOMER (id, age, first_name, last_name, table_id, restaurant_id) VALUES ( 49, 52, 'Zikmund', 'Novotný', 3, 1 );
INSERT INTO CUSTOMER (id, age, first_name, last_name, table_id, restaurant_id) VALUES ( 50, 39, 'Zdeněk', 'Tříska', 12, 3 );
INSERT INTO CUSTOMER (id, age, first_name, last_name, table_id, restaurant_id) VALUES ( 51, 35, 'Erik', 'Ševčík', 27, 6 );
INSERT INTO CUSTOMER (id, age, first_name, last_name, table_id, restaurant_id) VALUES ( 52, 86, 'Jan', 'Novotný', 5, 1 );
INSERT INTO CUSTOMER (id, age, first_name, last_name, table_id, restaurant_id) VALUES ( 53, 23, 'Jan', 'Vomáčka', 24, 5 );
INSERT INTO CUSTOMER (id, age, first_name, last_name, table_id, restaurant_id) VALUES ( 54, 31, 'Karel', 'Konvalinka', 44, 9 );
INSERT INTO CUSTOMER (id, age, first_name, last_name, table_id, restaurant_id) VALUES ( 55, 39, 'Hugo', 'Konvalinka', 6, 2 );
INSERT INTO CUSTOMER (id, age, first_name, last_name, table_id, restaurant_id) VALUES ( 56, 57, 'Filip', 'Vyskočil', 8, 2 );
INSERT INTO CUSTOMER (id, age, first_name, last_name, table_id, restaurant_id) VALUES ( 57, 10, 'Filip', 'Konvalinka', 20, 5 );
INSERT INTO CUSTOMER (id, age, first_name, last_name, table_id, restaurant_id) VALUES ( 58, 34, 'Erik', 'Skřivánek', 19, 5 );
INSERT INTO CUSTOMER (id, age, first_name, last_name, table_id, restaurant_id) VALUES ( 59, 91, 'Hugo', 'Spěvák', 16, 4 );
INSERT INTO CUSTOMER (id, age, first_name, last_name, table_id, restaurant_id) VALUES ( 60, 90, 'Zdeněk', 'Ševčík', 19, 5 );
INSERT INTO CUSTOMER (id, age, first_name, last_name, table_id, restaurant_id) VALUES ( 61, 27, 'Jan', 'Skřivánek', 13, 4 );
INSERT INTO CUSTOMER (id, age, first_name, last_name, table_id, restaurant_id) VALUES ( 62, 32, 'Karel', 'Skřivánek', 16, 4 );
INSERT INTO CUSTOMER (id, age, first_name, last_name, table_id, restaurant_id) VALUES ( 63, 77, 'Karel', 'Novotný', 43, 8 );
INSERT INTO CUSTOMER (id, age, first_name, last_name, table_id, restaurant_id) VALUES ( 64, 12, 'Jan', 'Konvalinka', 45, 9 );
INSERT INTO CUSTOMER (id, age, first_name, last_name, table_id, restaurant_id) VALUES ( 65, 48, 'Zdeněk', 'Skřivánek', 14, 4 );
INSERT INTO CUSTOMER (id, age, first_name, last_name, table_id, restaurant_id) VALUES ( 66, 31, 'Erik', 'Vomáčka', 2, 1 );
INSERT INTO CUSTOMER (id, age, first_name, last_name, table_id, restaurant_id) VALUES ( 67, 10, 'Josef', 'Vomáčka', 34, 7 );
INSERT INTO CUSTOMER (id, age, first_name, last_name, table_id, restaurant_id) VALUES ( 68, 69, 'Zikmund', 'Ševčík', 19, 5 );
INSERT INTO CUSTOMER (id, age, first_name, last_name, table_id, restaurant_id) VALUES ( 69, 75, 'Josef', 'Novotný', 7, 2 );
INSERT INTO CUSTOMER (id, age, first_name, last_name, table_id, restaurant_id) VALUES ( 70, 54, 'Filip', 'Ševčík', 4, 1 );
INSERT INTO CUSTOMER (id, age, first_name, last_name, table_id, restaurant_id) VALUES ( 71, 50, 'Vojtěch', 'Vomáčka', 31, 6 );
INSERT INTO CUSTOMER (id, age, first_name, last_name, table_id, restaurant_id) VALUES ( 72, 63, 'Josef', 'Spěvák', 2, 1 );
INSERT INTO CUSTOMER (id, age, first_name, last_name, table_id, restaurant_id) VALUES ( 73, 71, 'Josef', 'Vomáčka', 28, 6 );
INSERT INTO CUSTOMER (id, age, first_name, last_name, table_id, restaurant_id) VALUES ( 74, 71, 'Jan', 'Ševčík', 40, 8 );
INSERT INTO CUSTOMER (id, age, first_name, last_name, table_id, restaurant_id) VALUES ( 75, 80, 'Filip', 'Spěvák', 3, 1 );
INSERT INTO CUSTOMER (id, age, first_name, last_name, table_id, restaurant_id) VALUES ( 76, 44, 'Josef', 'Ševčík', 29, 6 );
INSERT INTO CUSTOMER (id, age, first_name, last_name, table_id, restaurant_id) VALUES ( 77, 0, 'Zikmund', 'Janoušek', 44, 9 );
INSERT INTO CUSTOMER (id, age, first_name, last_name, table_id, restaurant_id) VALUES ( 78, 24, 'Hugo', 'Novotný', 34, 7 );
INSERT INTO CUSTOMER (id, age, first_name, last_name, table_id, restaurant_id) VALUES ( 79, 23, 'Josef', 'Skřivánek', 5, 1 );
INSERT INTO CUSTOMER (id, age, first_name, last_name, table_id, restaurant_id) VALUES ( 80, 62, 'Jan', 'Novotný', 16, 4 );
INSERT INTO CUSTOMER (id, age, first_name, last_name, table_id, restaurant_id) VALUES ( 81, 18, 'Hugo', 'Vomáčka', 14, 4 );
INSERT INTO CUSTOMER (id, age, first_name, last_name, table_id, restaurant_id) VALUES ( 82, 51, 'Zikmund', 'Novák', 24, 5 );
INSERT INTO CUSTOMER (id, age, first_name, last_name, table_id, restaurant_id) VALUES ( 83, 83, 'Zdeněk', 'Janoušek', 24, 5 );
INSERT INTO CUSTOMER (id, age, first_name, last_name, table_id, restaurant_id) VALUES ( 84, 60, 'Patrik', 'Novotný', 13, 4 );
INSERT INTO CUSTOMER (id, age, first_name, last_name, table_id, restaurant_id) VALUES ( 85, 35, 'Jan', 'Skřivánek', 13, 4 );

-- Seznam jídel v objednávce, pseudonáhodně vygenerován C++ programem

INSERT INTO ORDER_FOOD (food_count, table_id, restaurant_id, food_id) VALUES ( 1, 2, 1, 4 );
INSERT INTO ORDER_FOOD (food_count, table_id, restaurant_id, food_id) VALUES ( 3, 3, 1, 2 );
INSERT INTO ORDER_FOOD (food_count, table_id, restaurant_id, food_id) VALUES ( 2, 3, 1, 10 );
INSERT INTO ORDER_FOOD (food_count, table_id, restaurant_id, food_id) VALUES ( 1, 3, 1, 5 );
INSERT INTO ORDER_FOOD (food_count, table_id, restaurant_id, food_id) VALUES ( 1, 4, 1, 8 );
INSERT INTO ORDER_FOOD (food_count, table_id, restaurant_id, food_id) VALUES ( 3, 5, 1, 7 );
INSERT INTO ORDER_FOOD (food_count, table_id, restaurant_id, food_id) VALUES ( 2, 6, 2, 10 );
INSERT INTO ORDER_FOOD (food_count, table_id, restaurant_id, food_id) VALUES ( 2, 6, 2, 2 );
INSERT INTO ORDER_FOOD (food_count, table_id, restaurant_id, food_id) VALUES ( 3, 8, 2, 8 );
INSERT INTO ORDER_FOOD (food_count, table_id, restaurant_id, food_id) VALUES ( 1, 8, 2, 4 );
INSERT INTO ORDER_FOOD (food_count, table_id, restaurant_id, food_id) VALUES ( 2, 10, 3, 2 );
INSERT INTO ORDER_FOOD (food_count, table_id, restaurant_id, food_id) VALUES ( 3, 10, 3, 9 );
INSERT INTO ORDER_FOOD (food_count, table_id, restaurant_id, food_id) VALUES ( 1, 11, 3, 10 );
INSERT INTO ORDER_FOOD (food_count, table_id, restaurant_id, food_id) VALUES ( 3, 11, 3, 7 );
INSERT INTO ORDER_FOOD (food_count, table_id, restaurant_id, food_id) VALUES ( 3, 11, 3, 8 );
INSERT INTO ORDER_FOOD (food_count, table_id, restaurant_id, food_id) VALUES ( 3, 12, 3, 9 );
INSERT INTO ORDER_FOOD (food_count, table_id, restaurant_id, food_id) VALUES ( 2, 13, 4, 1 );
INSERT INTO ORDER_FOOD (food_count, table_id, restaurant_id, food_id) VALUES ( 4, 14, 4, 10 );
INSERT INTO ORDER_FOOD (food_count, table_id, restaurant_id, food_id) VALUES ( 2, 16, 4, 5 );
INSERT INTO ORDER_FOOD (food_count, table_id, restaurant_id, food_id) VALUES ( 3, 16, 4, 10 );
INSERT INTO ORDER_FOOD (food_count, table_id, restaurant_id, food_id) VALUES ( 2, 18, 4, 10 );
INSERT INTO ORDER_FOOD (food_count, table_id, restaurant_id, food_id) VALUES ( 2, 18, 4, 2 );
INSERT INTO ORDER_FOOD (food_count, table_id, restaurant_id, food_id) VALUES ( 3, 18, 4, 7 );
INSERT INTO ORDER_FOOD (food_count, table_id, restaurant_id, food_id) VALUES ( 2, 19, 5, 1 );
INSERT INTO ORDER_FOOD (food_count, table_id, restaurant_id, food_id) VALUES ( 1, 19, 5, 2 );
INSERT INTO ORDER_FOOD (food_count, table_id, restaurant_id, food_id) VALUES ( 2, 19, 5, 3 );
INSERT INTO ORDER_FOOD (food_count, table_id, restaurant_id, food_id) VALUES ( 3, 19, 5, 4 );
INSERT INTO ORDER_FOOD (food_count, table_id, restaurant_id, food_id) VALUES ( 4, 19, 5, 5 );
INSERT INTO ORDER_FOOD (food_count, table_id, restaurant_id, food_id) VALUES ( 2, 19, 5, 6 );
INSERT INTO ORDER_FOOD (food_count, table_id, restaurant_id, food_id) VALUES ( 3, 19, 5, 7 );
INSERT INTO ORDER_FOOD (food_count, table_id, restaurant_id, food_id) VALUES ( 2, 19, 5, 8 );
INSERT INTO ORDER_FOOD (food_count, table_id, restaurant_id, food_id) VALUES ( 1, 19, 5, 9 );
INSERT INTO ORDER_FOOD (food_count, table_id, restaurant_id, food_id) VALUES ( 1, 19, 5, 10 );
INSERT INTO ORDER_FOOD (food_count, table_id, restaurant_id, food_id) VALUES ( 2, 20, 5, 8 );
INSERT INTO ORDER_FOOD (food_count, table_id, restaurant_id, food_id) VALUES ( 3, 24, 5, 1 );
INSERT INTO ORDER_FOOD (food_count, table_id, restaurant_id, food_id) VALUES ( 5, 24, 5, 2 );
INSERT INTO ORDER_FOOD (food_count, table_id, restaurant_id, food_id) VALUES ( 1, 24, 5, 3 );
INSERT INTO ORDER_FOOD (food_count, table_id, restaurant_id, food_id) VALUES ( 2, 24, 5, 4 );
INSERT INTO ORDER_FOOD (food_count, table_id, restaurant_id, food_id) VALUES ( 2, 24, 5, 5 );
INSERT INTO ORDER_FOOD (food_count, table_id, restaurant_id, food_id) VALUES ( 1, 24, 5, 6 );
INSERT INTO ORDER_FOOD (food_count, table_id, restaurant_id, food_id) VALUES ( 3, 24, 5, 7 );
INSERT INTO ORDER_FOOD (food_count, table_id, restaurant_id, food_id) VALUES ( 1, 24, 5, 8 );
INSERT INTO ORDER_FOOD (food_count, table_id, restaurant_id, food_id) VALUES ( 3, 24, 5, 9 );
INSERT INTO ORDER_FOOD (food_count, table_id, restaurant_id, food_id) VALUES ( 2, 24, 5, 10 );
INSERT INTO ORDER_FOOD (food_count, table_id, restaurant_id, food_id) VALUES ( 3, 25, 5, 8 );
INSERT INTO ORDER_FOOD (food_count, table_id, restaurant_id, food_id) VALUES ( 1, 25, 5, 10 );
INSERT INTO ORDER_FOOD (food_count, table_id, restaurant_id, food_id) VALUES ( 3, 26, 5, 2 );
INSERT INTO ORDER_FOOD (food_count, table_id, restaurant_id, food_id) VALUES ( 2, 26, 5, 4 );
INSERT INTO ORDER_FOOD (food_count, table_id, restaurant_id, food_id) VALUES ( 1, 27, 6, 5 );
INSERT INTO ORDER_FOOD (food_count, table_id, restaurant_id, food_id) VALUES ( 1, 28, 6, 1 );
INSERT INTO ORDER_FOOD (food_count, table_id, restaurant_id, food_id) VALUES ( 1, 29, 6, 9 );

-- Seznam ingrediencí na skladě, pseudonáhodně vygenerován C++ programem

INSERT INTO INGREDIENT_COUNT (ingredient_count, restaurant_id, ingredient_id) VALUES ( 451, 1, 1 );
INSERT INTO INGREDIENT_COUNT (ingredient_count, restaurant_id, ingredient_id) VALUES ( 101, 1, 2 );
INSERT INTO INGREDIENT_COUNT (ingredient_count, restaurant_id, ingredient_id) VALUES ( 460, 1, 3 );
INSERT INTO INGREDIENT_COUNT (ingredient_count, restaurant_id, ingredient_id) VALUES ( 255, 1, 4 );
INSERT INTO INGREDIENT_COUNT (ingredient_count, restaurant_id, ingredient_id) VALUES ( 493, 1, 5 );
INSERT INTO INGREDIENT_COUNT (ingredient_count, restaurant_id, ingredient_id) VALUES ( 195, 1, 6 );
INSERT INTO INGREDIENT_COUNT (ingredient_count, restaurant_id, ingredient_id) VALUES ( 331, 1, 7 );
INSERT INTO INGREDIENT_COUNT (ingredient_count, restaurant_id, ingredient_id) VALUES ( 133, 1, 8 );
INSERT INTO INGREDIENT_COUNT (ingredient_count, restaurant_id, ingredient_id) VALUES ( 60, 1, 9 );
INSERT INTO INGREDIENT_COUNT (ingredient_count, restaurant_id, ingredient_id) VALUES ( 278, 1, 10 );
INSERT INTO INGREDIENT_COUNT (ingredient_count, restaurant_id, ingredient_id) VALUES ( 280, 1, 11 );
INSERT INTO INGREDIENT_COUNT (ingredient_count, restaurant_id, ingredient_id) VALUES ( 133, 1, 12 );
INSERT INTO INGREDIENT_COUNT (ingredient_count, restaurant_id, ingredient_id) VALUES ( 273, 1, 13 );
INSERT INTO INGREDIENT_COUNT (ingredient_count, restaurant_id, ingredient_id) VALUES ( 384, 1, 14 );
INSERT INTO INGREDIENT_COUNT (ingredient_count, restaurant_id, ingredient_id) VALUES ( 82, 1, 15 );
INSERT INTO INGREDIENT_COUNT (ingredient_count, restaurant_id, ingredient_id) VALUES ( 154, 1, 16 );
INSERT INTO INGREDIENT_COUNT (ingredient_count, restaurant_id, ingredient_id) VALUES ( 123, 1, 17 );
INSERT INTO INGREDIENT_COUNT (ingredient_count, restaurant_id, ingredient_id) VALUES ( 22, 1, 18 );
INSERT INTO INGREDIENT_COUNT (ingredient_count, restaurant_id, ingredient_id) VALUES ( 457, 1, 19 );
INSERT INTO INGREDIENT_COUNT (ingredient_count, restaurant_id, ingredient_id) VALUES ( 319, 1, 20 );
INSERT INTO INGREDIENT_COUNT (ingredient_count, restaurant_id, ingredient_id) VALUES ( 92, 1, 21 );
INSERT INTO INGREDIENT_COUNT (ingredient_count, restaurant_id, ingredient_id) VALUES ( 401, 1, 22 );
INSERT INTO INGREDIENT_COUNT (ingredient_count, restaurant_id, ingredient_id) VALUES ( 197, 1, 23 );
INSERT INTO INGREDIENT_COUNT (ingredient_count, restaurant_id, ingredient_id) VALUES ( 121, 2, 1 );
INSERT INTO INGREDIENT_COUNT (ingredient_count, restaurant_id, ingredient_id) VALUES ( 205, 2, 2 );
INSERT INTO INGREDIENT_COUNT (ingredient_count, restaurant_id, ingredient_id) VALUES ( 100, 2, 3 );
INSERT INTO INGREDIENT_COUNT (ingredient_count, restaurant_id, ingredient_id) VALUES ( 130, 2, 4 );
INSERT INTO INGREDIENT_COUNT (ingredient_count, restaurant_id, ingredient_id) VALUES ( 145, 2, 5 );
INSERT INTO INGREDIENT_COUNT (ingredient_count, restaurant_id, ingredient_id) VALUES ( 176, 2, 6 );
INSERT INTO INGREDIENT_COUNT (ingredient_count, restaurant_id, ingredient_id) VALUES ( 371, 2, 7 );
INSERT INTO INGREDIENT_COUNT (ingredient_count, restaurant_id, ingredient_id) VALUES ( 417, 2, 8 );
INSERT INTO INGREDIENT_COUNT (ingredient_count, restaurant_id, ingredient_id) VALUES ( 100, 2, 9 );
INSERT INTO INGREDIENT_COUNT (ingredient_count, restaurant_id, ingredient_id) VALUES ( 81, 2, 10 );
INSERT INTO INGREDIENT_COUNT (ingredient_count, restaurant_id, ingredient_id) VALUES ( 119, 2, 11 );
INSERT INTO INGREDIENT_COUNT (ingredient_count, restaurant_id, ingredient_id) VALUES ( 289, 2, 12 );
INSERT INTO INGREDIENT_COUNT (ingredient_count, restaurant_id, ingredient_id) VALUES ( 453, 2, 13 );
INSERT INTO INGREDIENT_COUNT (ingredient_count, restaurant_id, ingredient_id) VALUES ( 129, 2, 14 );
INSERT INTO INGREDIENT_COUNT (ingredient_count, restaurant_id, ingredient_id) VALUES ( 301, 2, 15 );
INSERT INTO INGREDIENT_COUNT (ingredient_count, restaurant_id, ingredient_id) VALUES ( 163, 2, 16 );
INSERT INTO INGREDIENT_COUNT (ingredient_count, restaurant_id, ingredient_id) VALUES ( 341, 2, 17 );
INSERT INTO INGREDIENT_COUNT (ingredient_count, restaurant_id, ingredient_id) VALUES ( 150, 2, 18 );
INSERT INTO INGREDIENT_COUNT (ingredient_count, restaurant_id, ingredient_id) VALUES ( 386, 2, 19 );
INSERT INTO INGREDIENT_COUNT (ingredient_count, restaurant_id, ingredient_id) VALUES ( 84, 2, 20 );
INSERT INTO INGREDIENT_COUNT (ingredient_count, restaurant_id, ingredient_id) VALUES ( 16, 2, 21 );
INSERT INTO INGREDIENT_COUNT (ingredient_count, restaurant_id, ingredient_id) VALUES ( 160, 2, 22 );
INSERT INTO INGREDIENT_COUNT (ingredient_count, restaurant_id, ingredient_id) VALUES ( 379, 2, 23 );
INSERT INTO INGREDIENT_COUNT (ingredient_count, restaurant_id, ingredient_id) VALUES ( 460, 3, 1 );
INSERT INTO INGREDIENT_COUNT (ingredient_count, restaurant_id, ingredient_id) VALUES ( 62, 3, 2 );
INSERT INTO INGREDIENT_COUNT (ingredient_count, restaurant_id, ingredient_id) VALUES ( 383, 3, 3 );
INSERT INTO INGREDIENT_COUNT (ingredient_count, restaurant_id, ingredient_id) VALUES ( 49, 3, 4 );
INSERT INTO INGREDIENT_COUNT (ingredient_count, restaurant_id, ingredient_id) VALUES ( 55, 3, 5 );
INSERT INTO INGREDIENT_COUNT (ingredient_count, restaurant_id, ingredient_id) VALUES ( 441, 3, 6 );
INSERT INTO INGREDIENT_COUNT (ingredient_count, restaurant_id, ingredient_id) VALUES ( 382, 3, 7 );
INSERT INTO INGREDIENT_COUNT (ingredient_count, restaurant_id, ingredient_id) VALUES ( 271, 3, 8 );
INSERT INTO INGREDIENT_COUNT (ingredient_count, restaurant_id, ingredient_id) VALUES ( 29, 3, 9 );
INSERT INTO INGREDIENT_COUNT (ingredient_count, restaurant_id, ingredient_id) VALUES ( 252, 3, 10 );
INSERT INTO INGREDIENT_COUNT (ingredient_count, restaurant_id, ingredient_id) VALUES ( 45, 3, 11 );
INSERT INTO INGREDIENT_COUNT (ingredient_count, restaurant_id, ingredient_id) VALUES ( 370, 3, 12 );
INSERT INTO INGREDIENT_COUNT (ingredient_count, restaurant_id, ingredient_id) VALUES ( 96, 3, 13 );
INSERT INTO INGREDIENT_COUNT (ingredient_count, restaurant_id, ingredient_id) VALUES ( 470, 3, 14 );
INSERT INTO INGREDIENT_COUNT (ingredient_count, restaurant_id, ingredient_id) VALUES ( 211, 3, 15 );
INSERT INTO INGREDIENT_COUNT (ingredient_count, restaurant_id, ingredient_id) VALUES ( 173, 3, 16 );
INSERT INTO INGREDIENT_COUNT (ingredient_count, restaurant_id, ingredient_id) VALUES ( 424, 3, 17 );
INSERT INTO INGREDIENT_COUNT (ingredient_count, restaurant_id, ingredient_id) VALUES ( 126, 3, 18 );
INSERT INTO INGREDIENT_COUNT (ingredient_count, restaurant_id, ingredient_id) VALUES ( 220, 3, 19 );
INSERT INTO INGREDIENT_COUNT (ingredient_count, restaurant_id, ingredient_id) VALUES ( 351, 3, 20 );
INSERT INTO INGREDIENT_COUNT (ingredient_count, restaurant_id, ingredient_id) VALUES ( 432, 3, 21 );
INSERT INTO INGREDIENT_COUNT (ingredient_count, restaurant_id, ingredient_id) VALUES ( 244, 3, 22 );
INSERT INTO INGREDIENT_COUNT (ingredient_count, restaurant_id, ingredient_id) VALUES ( 347, 3, 23 );
INSERT INTO INGREDIENT_COUNT (ingredient_count, restaurant_id, ingredient_id) VALUES ( 370, 4, 1 );
INSERT INTO INGREDIENT_COUNT (ingredient_count, restaurant_id, ingredient_id) VALUES ( 171, 4, 2 );
INSERT INTO INGREDIENT_COUNT (ingredient_count, restaurant_id, ingredient_id) VALUES ( 395, 4, 3 );
INSERT INTO INGREDIENT_COUNT (ingredient_count, restaurant_id, ingredient_id) VALUES ( 111, 4, 4 );
INSERT INTO INGREDIENT_COUNT (ingredient_count, restaurant_id, ingredient_id) VALUES ( 393, 4, 5 );
INSERT INTO INGREDIENT_COUNT (ingredient_count, restaurant_id, ingredient_id) VALUES ( 65, 4, 6 );
INSERT INTO INGREDIENT_COUNT (ingredient_count, restaurant_id, ingredient_id) VALUES ( 25, 4, 7 );
INSERT INTO INGREDIENT_COUNT (ingredient_count, restaurant_id, ingredient_id) VALUES ( 362, 4, 8 );
INSERT INTO INGREDIENT_COUNT (ingredient_count, restaurant_id, ingredient_id) VALUES ( 20, 4, 9 );
INSERT INTO INGREDIENT_COUNT (ingredient_count, restaurant_id, ingredient_id) VALUES ( 121, 4, 10 );
INSERT INTO INGREDIENT_COUNT (ingredient_count, restaurant_id, ingredient_id) VALUES ( 63, 4, 11 );
INSERT INTO INGREDIENT_COUNT (ingredient_count, restaurant_id, ingredient_id) VALUES ( 162, 4, 12 );
INSERT INTO INGREDIENT_COUNT (ingredient_count, restaurant_id, ingredient_id) VALUES ( 226, 4, 13 );
INSERT INTO INGREDIENT_COUNT (ingredient_count, restaurant_id, ingredient_id) VALUES ( 435, 4, 14 );
INSERT INTO INGREDIENT_COUNT (ingredient_count, restaurant_id, ingredient_id) VALUES ( 450, 4, 15 );
INSERT INTO INGREDIENT_COUNT (ingredient_count, restaurant_id, ingredient_id) VALUES ( 91, 4, 16 );
INSERT INTO INGREDIENT_COUNT (ingredient_count, restaurant_id, ingredient_id) VALUES ( 323, 4, 17 );
INSERT INTO INGREDIENT_COUNT (ingredient_count, restaurant_id, ingredient_id) VALUES ( 261, 4, 18 );
INSERT INTO INGREDIENT_COUNT (ingredient_count, restaurant_id, ingredient_id) VALUES ( 94, 4, 19 );
INSERT INTO INGREDIENT_COUNT (ingredient_count, restaurant_id, ingredient_id) VALUES ( 429, 4, 20 );
INSERT INTO INGREDIENT_COUNT (ingredient_count, restaurant_id, ingredient_id) VALUES ( 123, 4, 21 );
INSERT INTO INGREDIENT_COUNT (ingredient_count, restaurant_id, ingredient_id) VALUES ( 382, 4, 22 );
INSERT INTO INGREDIENT_COUNT (ingredient_count, restaurant_id, ingredient_id) VALUES ( 367, 4, 23 );
INSERT INTO INGREDIENT_COUNT (ingredient_count, restaurant_id, ingredient_id) VALUES ( 469, 5, 1 );
INSERT INTO INGREDIENT_COUNT (ingredient_count, restaurant_id, ingredient_id) VALUES ( 24, 5, 2 );
INSERT INTO INGREDIENT_COUNT (ingredient_count, restaurant_id, ingredient_id) VALUES ( 223, 5, 3 );
INSERT INTO INGREDIENT_COUNT (ingredient_count, restaurant_id, ingredient_id) VALUES ( 140, 5, 4 );
INSERT INTO INGREDIENT_COUNT (ingredient_count, restaurant_id, ingredient_id) VALUES ( 18, 5, 5 );
INSERT INTO INGREDIENT_COUNT (ingredient_count, restaurant_id, ingredient_id) VALUES ( 294, 5, 6 );
INSERT INTO INGREDIENT_COUNT (ingredient_count, restaurant_id, ingredient_id) VALUES ( 365, 5, 7 );
INSERT INTO INGREDIENT_COUNT (ingredient_count, restaurant_id, ingredient_id) VALUES ( 179, 5, 8 );
INSERT INTO INGREDIENT_COUNT (ingredient_count, restaurant_id, ingredient_id) VALUES ( 457, 5, 9 );
INSERT INTO INGREDIENT_COUNT (ingredient_count, restaurant_id, ingredient_id) VALUES ( 272, 5, 10 );
INSERT INTO INGREDIENT_COUNT (ingredient_count, restaurant_id, ingredient_id) VALUES ( 342, 5, 11 );
INSERT INTO INGREDIENT_COUNT (ingredient_count, restaurant_id, ingredient_id) VALUES ( 356, 5, 12 );
INSERT INTO INGREDIENT_COUNT (ingredient_count, restaurant_id, ingredient_id) VALUES ( 337, 5, 13 );
INSERT INTO INGREDIENT_COUNT (ingredient_count, restaurant_id, ingredient_id) VALUES ( 490, 5, 14 );
INSERT INTO INGREDIENT_COUNT (ingredient_count, restaurant_id, ingredient_id) VALUES ( 229, 5, 15 );
INSERT INTO INGREDIENT_COUNT (ingredient_count, restaurant_id, ingredient_id) VALUES ( 121, 5, 16 );
INSERT INTO INGREDIENT_COUNT (ingredient_count, restaurant_id, ingredient_id) VALUES ( 403, 5, 17 );
INSERT INTO INGREDIENT_COUNT (ingredient_count, restaurant_id, ingredient_id) VALUES ( 313, 5, 18 );
INSERT INTO INGREDIENT_COUNT (ingredient_count, restaurant_id, ingredient_id) VALUES ( 117, 5, 19 );
INSERT INTO INGREDIENT_COUNT (ingredient_count, restaurant_id, ingredient_id) VALUES ( 348, 5, 20 );
INSERT INTO INGREDIENT_COUNT (ingredient_count, restaurant_id, ingredient_id) VALUES ( 447, 5, 21 );
INSERT INTO INGREDIENT_COUNT (ingredient_count, restaurant_id, ingredient_id) VALUES ( 352, 5, 22 );
INSERT INTO INGREDIENT_COUNT (ingredient_count, restaurant_id, ingredient_id) VALUES ( 173, 5, 23 );
INSERT INTO INGREDIENT_COUNT (ingredient_count, restaurant_id, ingredient_id) VALUES ( 312, 6, 1 );
INSERT INTO INGREDIENT_COUNT (ingredient_count, restaurant_id, ingredient_id) VALUES ( 24, 6, 2 );
INSERT INTO INGREDIENT_COUNT (ingredient_count, restaurant_id, ingredient_id) VALUES ( 237, 6, 3 );
INSERT INTO INGREDIENT_COUNT (ingredient_count, restaurant_id, ingredient_id) VALUES ( 106, 6, 4 );
INSERT INTO INGREDIENT_COUNT (ingredient_count, restaurant_id, ingredient_id) VALUES ( 108, 6, 5 );
INSERT INTO INGREDIENT_COUNT (ingredient_count, restaurant_id, ingredient_id) VALUES ( 134, 6, 6 );
INSERT INTO INGREDIENT_COUNT (ingredient_count, restaurant_id, ingredient_id) VALUES ( 367, 6, 7 );
INSERT INTO INGREDIENT_COUNT (ingredient_count, restaurant_id, ingredient_id) VALUES ( 54, 6, 8 );
INSERT INTO INGREDIENT_COUNT (ingredient_count, restaurant_id, ingredient_id) VALUES ( 413, 6, 9 );
INSERT INTO INGREDIENT_COUNT (ingredient_count, restaurant_id, ingredient_id) VALUES ( 426, 6, 10 );
INSERT INTO INGREDIENT_COUNT (ingredient_count, restaurant_id, ingredient_id) VALUES ( 41, 6, 11 );
INSERT INTO INGREDIENT_COUNT (ingredient_count, restaurant_id, ingredient_id) VALUES ( 154, 6, 12 );
INSERT INTO INGREDIENT_COUNT (ingredient_count, restaurant_id, ingredient_id) VALUES ( 258, 6, 13 );
INSERT INTO INGREDIENT_COUNT (ingredient_count, restaurant_id, ingredient_id) VALUES ( 234, 6, 14 );
INSERT INTO INGREDIENT_COUNT (ingredient_count, restaurant_id, ingredient_id) VALUES ( 296, 6, 15 );
INSERT INTO INGREDIENT_COUNT (ingredient_count, restaurant_id, ingredient_id) VALUES ( 140, 6, 16 );
INSERT INTO INGREDIENT_COUNT (ingredient_count, restaurant_id, ingredient_id) VALUES ( 252, 6, 17 );
INSERT INTO INGREDIENT_COUNT (ingredient_count, restaurant_id, ingredient_id) VALUES ( 259, 6, 18 );
INSERT INTO INGREDIENT_COUNT (ingredient_count, restaurant_id, ingredient_id) VALUES ( 195, 6, 19 );
INSERT INTO INGREDIENT_COUNT (ingredient_count, restaurant_id, ingredient_id) VALUES ( 161, 6, 20 );
INSERT INTO INGREDIENT_COUNT (ingredient_count, restaurant_id, ingredient_id) VALUES ( 139, 6, 21 );
INSERT INTO INGREDIENT_COUNT (ingredient_count, restaurant_id, ingredient_id) VALUES ( 430, 6, 22 );
INSERT INTO INGREDIENT_COUNT (ingredient_count, restaurant_id, ingredient_id) VALUES ( 376, 6, 23 );
INSERT INTO INGREDIENT_COUNT (ingredient_count, restaurant_id, ingredient_id) VALUES ( 99, 7, 1 );
INSERT INTO INGREDIENT_COUNT (ingredient_count, restaurant_id, ingredient_id) VALUES ( 293, 7, 2 );
INSERT INTO INGREDIENT_COUNT (ingredient_count, restaurant_id, ingredient_id) VALUES ( 134, 7, 3 );
INSERT INTO INGREDIENT_COUNT (ingredient_count, restaurant_id, ingredient_id) VALUES ( 277, 7, 5 );
INSERT INTO INGREDIENT_COUNT (ingredient_count, restaurant_id, ingredient_id) VALUES ( 237, 7, 6 );
INSERT INTO INGREDIENT_COUNT (ingredient_count, restaurant_id, ingredient_id) VALUES ( 147, 7, 7 );
INSERT INTO INGREDIENT_COUNT (ingredient_count, restaurant_id, ingredient_id) VALUES ( 374, 7, 8 );
INSERT INTO INGREDIENT_COUNT (ingredient_count, restaurant_id, ingredient_id) VALUES ( 465, 7, 9 );
INSERT INTO INGREDIENT_COUNT (ingredient_count, restaurant_id, ingredient_id) VALUES ( 485, 7, 10 );
INSERT INTO INGREDIENT_COUNT (ingredient_count, restaurant_id, ingredient_id) VALUES ( 193, 7, 11 );
INSERT INTO INGREDIENT_COUNT (ingredient_count, restaurant_id, ingredient_id) VALUES ( 120, 7, 12 );
INSERT INTO INGREDIENT_COUNT (ingredient_count, restaurant_id, ingredient_id) VALUES ( 343, 7, 13 );
INSERT INTO INGREDIENT_COUNT (ingredient_count, restaurant_id, ingredient_id) VALUES ( 329, 7, 14 );
INSERT INTO INGREDIENT_COUNT (ingredient_count, restaurant_id, ingredient_id) VALUES ( 360, 7, 15 );
INSERT INTO INGREDIENT_COUNT (ingredient_count, restaurant_id, ingredient_id) VALUES ( 263, 7, 16 );
INSERT INTO INGREDIENT_COUNT (ingredient_count, restaurant_id, ingredient_id) VALUES ( 146, 7, 17 );
INSERT INTO INGREDIENT_COUNT (ingredient_count, restaurant_id, ingredient_id) VALUES ( 217, 7, 18 );
INSERT INTO INGREDIENT_COUNT (ingredient_count, restaurant_id, ingredient_id) VALUES ( 128, 7, 19 );
INSERT INTO INGREDIENT_COUNT (ingredient_count, restaurant_id, ingredient_id) VALUES ( 173, 7, 20 );
INSERT INTO INGREDIENT_COUNT (ingredient_count, restaurant_id, ingredient_id) VALUES ( 249, 7, 21 );
INSERT INTO INGREDIENT_COUNT (ingredient_count, restaurant_id, ingredient_id) VALUES ( 1, 7, 22 );
INSERT INTO INGREDIENT_COUNT (ingredient_count, restaurant_id, ingredient_id) VALUES ( 371, 7, 23 );
INSERT INTO INGREDIENT_COUNT (ingredient_count, restaurant_id, ingredient_id) VALUES ( 399, 8, 1 );
INSERT INTO INGREDIENT_COUNT (ingredient_count, restaurant_id, ingredient_id) VALUES ( 293, 8, 2 );
INSERT INTO INGREDIENT_COUNT (ingredient_count, restaurant_id, ingredient_id) VALUES ( 46, 8, 3 );
INSERT INTO INGREDIENT_COUNT (ingredient_count, restaurant_id, ingredient_id) VALUES ( 429, 8, 4 );
INSERT INTO INGREDIENT_COUNT (ingredient_count, restaurant_id, ingredient_id) VALUES ( 301, 8, 5 );
INSERT INTO INGREDIENT_COUNT (ingredient_count, restaurant_id, ingredient_id) VALUES ( 144, 8, 6 );
INSERT INTO INGREDIENT_COUNT (ingredient_count, restaurant_id, ingredient_id) VALUES ( 193, 8, 7 );
INSERT INTO INGREDIENT_COUNT (ingredient_count, restaurant_id, ingredient_id) VALUES ( 64, 8, 8 );
INSERT INTO INGREDIENT_COUNT (ingredient_count, restaurant_id, ingredient_id) VALUES ( 284, 8, 9 );
INSERT INTO INGREDIENT_COUNT (ingredient_count, restaurant_id, ingredient_id) VALUES ( 273, 8, 10 );
INSERT INTO INGREDIENT_COUNT (ingredient_count, restaurant_id, ingredient_id) VALUES ( 302, 8, 11 );
INSERT INTO INGREDIENT_COUNT (ingredient_count, restaurant_id, ingredient_id) VALUES ( 10, 8, 12 );
INSERT INTO INGREDIENT_COUNT (ingredient_count, restaurant_id, ingredient_id) VALUES ( 222, 8, 13 );
INSERT INTO INGREDIENT_COUNT (ingredient_count, restaurant_id, ingredient_id) VALUES ( 487, 8, 14 );
INSERT INTO INGREDIENT_COUNT (ingredient_count, restaurant_id, ingredient_id) VALUES ( 14, 8, 15 );
INSERT INTO INGREDIENT_COUNT (ingredient_count, restaurant_id, ingredient_id) VALUES ( 270, 8, 16 );
INSERT INTO INGREDIENT_COUNT (ingredient_count, restaurant_id, ingredient_id) VALUES ( 32, 8, 17 );
INSERT INTO INGREDIENT_COUNT (ingredient_count, restaurant_id, ingredient_id) VALUES ( 358, 8, 18 );
INSERT INTO INGREDIENT_COUNT (ingredient_count, restaurant_id, ingredient_id) VALUES ( 320, 8, 19 );
INSERT INTO INGREDIENT_COUNT (ingredient_count, restaurant_id, ingredient_id) VALUES ( 487, 8, 20 );
INSERT INTO INGREDIENT_COUNT (ingredient_count, restaurant_id, ingredient_id) VALUES ( 357, 8, 21 );
INSERT INTO INGREDIENT_COUNT (ingredient_count, restaurant_id, ingredient_id) VALUES ( 317, 8, 22 );
INSERT INTO INGREDIENT_COUNT (ingredient_count, restaurant_id, ingredient_id) VALUES ( 255, 8, 23 );
INSERT INTO INGREDIENT_COUNT (ingredient_count, restaurant_id, ingredient_id) VALUES ( 255, 9, 1 );
INSERT INTO INGREDIENT_COUNT (ingredient_count, restaurant_id, ingredient_id) VALUES ( 315, 9, 2 );
INSERT INTO INGREDIENT_COUNT (ingredient_count, restaurant_id, ingredient_id) VALUES ( 116, 9, 3 );
INSERT INTO INGREDIENT_COUNT (ingredient_count, restaurant_id, ingredient_id) VALUES ( 38, 9, 4 );
INSERT INTO INGREDIENT_COUNT (ingredient_count, restaurant_id, ingredient_id) VALUES ( 467, 9, 5 );
INSERT INTO INGREDIENT_COUNT (ingredient_count, restaurant_id, ingredient_id) VALUES ( 298, 9, 6 );
INSERT INTO INGREDIENT_COUNT (ingredient_count, restaurant_id, ingredient_id) VALUES ( 378, 9, 7 );
INSERT INTO INGREDIENT_COUNT (ingredient_count, restaurant_id, ingredient_id) VALUES ( 261, 9, 8 );
INSERT INTO INGREDIENT_COUNT (ingredient_count, restaurant_id, ingredient_id) VALUES ( 413, 9, 9 );
INSERT INTO INGREDIENT_COUNT (ingredient_count, restaurant_id, ingredient_id) VALUES ( 192, 9, 10 );
INSERT INTO INGREDIENT_COUNT (ingredient_count, restaurant_id, ingredient_id) VALUES ( 232, 9, 11 );
INSERT INTO INGREDIENT_COUNT (ingredient_count, restaurant_id, ingredient_id) VALUES ( 175, 9, 12 );
INSERT INTO INGREDIENT_COUNT (ingredient_count, restaurant_id, ingredient_id) VALUES ( 464, 9, 13 );
INSERT INTO INGREDIENT_COUNT (ingredient_count, restaurant_id, ingredient_id) VALUES ( 378, 9, 14 );
INSERT INTO INGREDIENT_COUNT (ingredient_count, restaurant_id, ingredient_id) VALUES ( 325, 9, 15 );
INSERT INTO INGREDIENT_COUNT (ingredient_count, restaurant_id, ingredient_id) VALUES ( 285, 9, 16 );
INSERT INTO INGREDIENT_COUNT (ingredient_count, restaurant_id, ingredient_id) VALUES ( 334, 9, 17 );
INSERT INTO INGREDIENT_COUNT (ingredient_count, restaurant_id, ingredient_id) VALUES ( 251, 9, 18 );
INSERT INTO INGREDIENT_COUNT (ingredient_count, restaurant_id, ingredient_id) VALUES ( 28, 9, 19 );
INSERT INTO INGREDIENT_COUNT (ingredient_count, restaurant_id, ingredient_id) VALUES ( 500, 9, 20 );
INSERT INTO INGREDIENT_COUNT (ingredient_count, restaurant_id, ingredient_id) VALUES ( 430, 9, 21 );
INSERT INTO INGREDIENT_COUNT (ingredient_count, restaurant_id, ingredient_id) VALUES ( 110, 9, 22 );
INSERT INTO INGREDIENT_COUNT (ingredient_count, restaurant_id, ingredient_id) VALUES ( 145, 9, 23 );
INSERT INTO INGREDIENT_COUNT (ingredient_count, restaurant_id, ingredient_id) VALUES ( 365, 10, 1 );
INSERT INTO INGREDIENT_COUNT (ingredient_count, restaurant_id, ingredient_id) VALUES ( 452, 10, 2 );
INSERT INTO INGREDIENT_COUNT (ingredient_count, restaurant_id, ingredient_id) VALUES ( 313, 10, 3 );
INSERT INTO INGREDIENT_COUNT (ingredient_count, restaurant_id, ingredient_id) VALUES ( 480, 10, 4 );
INSERT INTO INGREDIENT_COUNT (ingredient_count, restaurant_id, ingredient_id) VALUES ( 135, 10, 5 );
INSERT INTO INGREDIENT_COUNT (ingredient_count, restaurant_id, ingredient_id) VALUES ( 408, 10, 6 );
INSERT INTO INGREDIENT_COUNT (ingredient_count, restaurant_id, ingredient_id) VALUES ( 84, 10, 7 );
INSERT INTO INGREDIENT_COUNT (ingredient_count, restaurant_id, ingredient_id) VALUES ( 101, 10, 8 );
INSERT INTO INGREDIENT_COUNT (ingredient_count, restaurant_id, ingredient_id) VALUES ( 260, 10, 9 );
INSERT INTO INGREDIENT_COUNT (ingredient_count, restaurant_id, ingredient_id) VALUES ( 311, 10, 10 );
INSERT INTO INGREDIENT_COUNT (ingredient_count, restaurant_id, ingredient_id) VALUES ( 254, 10, 11 );
INSERT INTO INGREDIENT_COUNT (ingredient_count, restaurant_id, ingredient_id) VALUES ( 392, 10, 12 );
INSERT INTO INGREDIENT_COUNT (ingredient_count, restaurant_id, ingredient_id) VALUES ( 322, 10, 13 );
INSERT INTO INGREDIENT_COUNT (ingredient_count, restaurant_id, ingredient_id) VALUES ( 226, 10, 14 );
INSERT INTO INGREDIENT_COUNT (ingredient_count, restaurant_id, ingredient_id) VALUES ( 254, 10, 15 );
INSERT INTO INGREDIENT_COUNT (ingredient_count, restaurant_id, ingredient_id) VALUES ( 430, 10, 16 );
INSERT INTO INGREDIENT_COUNT (ingredient_count, restaurant_id, ingredient_id) VALUES ( 97, 10, 17 );
INSERT INTO INGREDIENT_COUNT (ingredient_count, restaurant_id, ingredient_id) VALUES ( 54, 10, 18 );
INSERT INTO INGREDIENT_COUNT (ingredient_count, restaurant_id, ingredient_id) VALUES ( 162, 10, 19 );
INSERT INTO INGREDIENT_COUNT (ingredient_count, restaurant_id, ingredient_id) VALUES ( 359, 10, 20 );
INSERT INTO INGREDIENT_COUNT (ingredient_count, restaurant_id, ingredient_id) VALUES ( 492, 10, 21 );
INSERT INTO INGREDIENT_COUNT (ingredient_count, restaurant_id, ingredient_id) VALUES ( 464, 10, 22 );
INSERT INTO INGREDIENT_COUNT (ingredient_count, restaurant_id, ingredient_id) VALUES ( 421, 10, 23 );
INSERT INTO INGREDIENT_COUNT (ingredient_count, restaurant_id, ingredient_id) VALUES ( 35, 11, 1 );
INSERT INTO INGREDIENT_COUNT (ingredient_count, restaurant_id, ingredient_id) VALUES ( 464, 11, 2 );
INSERT INTO INGREDIENT_COUNT (ingredient_count, restaurant_id, ingredient_id) VALUES ( 24, 11, 3 );
INSERT INTO INGREDIENT_COUNT (ingredient_count, restaurant_id, ingredient_id) VALUES ( 87, 11, 4 );
INSERT INTO INGREDIENT_COUNT (ingredient_count, restaurant_id, ingredient_id) VALUES ( 944, 11, 5 );
INSERT INTO INGREDIENT_COUNT (ingredient_count, restaurant_id, ingredient_id) VALUES ( 39, 11, 6 );
INSERT INTO INGREDIENT_COUNT (ingredient_count, restaurant_id, ingredient_id) VALUES ( 383, 11, 7 );
INSERT INTO INGREDIENT_COUNT (ingredient_count, restaurant_id, ingredient_id) VALUES ( 263, 11, 8 );
INSERT INTO INGREDIENT_COUNT (ingredient_count, restaurant_id, ingredient_id) VALUES ( 293, 11, 9 );
INSERT INTO INGREDIENT_COUNT (ingredient_count, restaurant_id, ingredient_id) VALUES ( 385, 11, 10 );
INSERT INTO INGREDIENT_COUNT (ingredient_count, restaurant_id, ingredient_id) VALUES ( 58, 11, 11 );
INSERT INTO INGREDIENT_COUNT (ingredient_count, restaurant_id, ingredient_id) VALUES ( 435, 11, 12 );
INSERT INTO INGREDIENT_COUNT (ingredient_count, restaurant_id, ingredient_id) VALUES ( 224, 11, 13 );
INSERT INTO INGREDIENT_COUNT (ingredient_count, restaurant_id, ingredient_id) VALUES ( 30, 11, 14 );
INSERT INTO INGREDIENT_COUNT (ingredient_count, restaurant_id, ingredient_id) VALUES ( 35, 11, 15 );
INSERT INTO INGREDIENT_COUNT (ingredient_count, restaurant_id, ingredient_id) VALUES ( 2220, 11, 16 );
INSERT INTO INGREDIENT_COUNT (ingredient_count, restaurant_id, ingredient_id) VALUES ( 358, 11, 17 );
INSERT INTO INGREDIENT_COUNT (ingredient_count, restaurant_id, ingredient_id) VALUES ( 35, 11, 18 );
INSERT INTO INGREDIENT_COUNT (ingredient_count, restaurant_id, ingredient_id) VALUES ( 235, 11, 19 );
INSERT INTO INGREDIENT_COUNT (ingredient_count, restaurant_id, ingredient_id) VALUES ( 35, 11, 20 );
INSERT INTO INGREDIENT_COUNT (ingredient_count, restaurant_id, ingredient_id) VALUES ( 834, 11, 21 );
INSERT INTO INGREDIENT_COUNT (ingredient_count, restaurant_id, ingredient_id) VALUES ( 54, 11, 22 );
INSERT INTO INGREDIENT_COUNT (ingredient_count, restaurant_id, ingredient_id) VALUES ( 494, 11, 23 );
INSERT INTO INGREDIENT_COUNT (ingredient_count, restaurant_id, ingredient_id) VALUES ( 764, 12, 1 );
INSERT INTO INGREDIENT_COUNT (ingredient_count, restaurant_id, ingredient_id) VALUES ( 37, 12, 2 );
INSERT INTO INGREDIENT_COUNT (ingredient_count, restaurant_id, ingredient_id) VALUES ( 45, 12, 3 );
INSERT INTO INGREDIENT_COUNT (ingredient_count, restaurant_id, ingredient_id) VALUES ( 94, 12, 5 );
INSERT INTO INGREDIENT_COUNT (ingredient_count, restaurant_id, ingredient_id) VALUES ( 933, 12, 6 );
INSERT INTO INGREDIENT_COUNT (ingredient_count, restaurant_id, ingredient_id) VALUES ( 393, 12, 7 );
INSERT INTO INGREDIENT_COUNT (ingredient_count, restaurant_id, ingredient_id) VALUES ( 32, 12, 8 );
INSERT INTO INGREDIENT_COUNT (ingredient_count, restaurant_id, ingredient_id) VALUES ( 282, 12, 9 );
INSERT INTO INGREDIENT_COUNT (ingredient_count, restaurant_id, ingredient_id) VALUES ( 873, 12, 10 );
INSERT INTO INGREDIENT_COUNT (ingredient_count, restaurant_id, ingredient_id) VALUES ( 93, 12, 11 );
INSERT INTO INGREDIENT_COUNT (ingredient_count, restaurant_id, ingredient_id) VALUES ( 937, 12, 12 );
INSERT INTO INGREDIENT_COUNT (ingredient_count, restaurant_id, ingredient_id) VALUES ( 263, 12, 13 );
INSERT INTO INGREDIENT_COUNT (ingredient_count, restaurant_id, ingredient_id) VALUES ( 383, 12, 14 );
INSERT INTO INGREDIENT_COUNT (ingredient_count, restaurant_id, ingredient_id) VALUES ( 891, 12, 15 );
INSERT INTO INGREDIENT_COUNT (ingredient_count, restaurant_id, ingredient_id) VALUES ( 380, 12, 16 );
INSERT INTO INGREDIENT_COUNT (ingredient_count, restaurant_id, ingredient_id) VALUES ( 350, 12, 17 );
INSERT INTO INGREDIENT_COUNT (ingredient_count, restaurant_id, ingredient_id) VALUES ( 283, 12, 18 );
INSERT INTO INGREDIENT_COUNT (ingredient_count, restaurant_id, ingredient_id) VALUES ( 382, 12, 19 );
INSERT INTO INGREDIENT_COUNT (ingredient_count, restaurant_id, ingredient_id) VALUES ( 711, 12, 20 );
INSERT INTO INGREDIENT_COUNT (ingredient_count, restaurant_id, ingredient_id) VALUES ( 813, 12, 21 );
INSERT INTO INGREDIENT_COUNT (ingredient_count, restaurant_id, ingredient_id) VALUES ( 536, 12, 22 );
INSERT INTO INGREDIENT_COUNT (ingredient_count, restaurant_id, ingredient_id) VALUES ( 373, 12, 23 );

COMMIT;