<?xml version = '1.0' encoding = 'UTF-8'?>
<relationalModel class="oracle.dbtools.crest.model.design.relational.RelationalDesign" name="Relational_1" id="D3C320CA-D814-B351-BA56-E0D1099B25D8" mainViewID="B30B0373-8713-0598-B31A-978AE942E081">
<createdBy>kvetinac97</createdBy>
<createdTime>2020-03-02 16:58:52 UTC</createdTime>
<ownerDesignName>semestralka</ownerDesignName>
<shouldBeOpen>false</shouldBeOpen>
<selectedRDBMSSite>3FD120B5-9F4E-6278-D5E2-746D192C8319</selectedRDBMSSite>
<importConnectionStamps>
<importConnectionStamp class="oracle.dbtools.crest.imports.DBConnectionStamp">
<connName>DEFAULT</connName>
<connUser>wrzecond</connUser>
<connType>1</connType>
</importConnectionStamp>
</importConnectionStamps>
</relationalModel>
