<?xml version = '1.0' encoding = 'UTF-8'?>
<TableProxyOraclev12c class="oracle.dbtools.crest.model.design.storage.oracle.v12c.TableProxyOraclev12c" name="MANAGER" directorySegmentName="seg_0" id="5203DC83-58DE-91AD-D565-61F8DB540AAF">
<createdBy>kvetinac97</createdBy>
<createdTime>2020-03-02 16:59:18 UTC</createdTime>
<ownerDesignName>semestralka</ownerDesignName>
<logging>YES</logging>
<partitionedRowMovement>DISABLE</partitionedRowMovement>
<segment>5B60140A-037E-4399-12E9-B63C48497151</segment>
<tableSpace>0AC36A71-EE97-1B78-A422-2EE224DD842E</tableSpace>
<temporaryChanged>false</temporaryChanged>
<accessDriverType>oracle_loader</accessDriverType>
<rejectLimit></rejectLimit>
<inMemory>NO</inMemory>
<columnProxies itemClass="oracle.dbtools.crest.model.design.storage.oracle.v12c.ColumnProxyOraclev12c">
<ColumnProxy name="FIRST_NAME" id="8F2CDAE2-7D16-5D8B-C535-91DB95431124">
<createdBy>kvetinac97</createdBy>
<createdTime>2020-03-02 16:59:19 UTC</createdTime>
<ownerDesignName>semestralka</ownerDesignName>
</ColumnProxy>
<ColumnProxy name="ID" id="A51B098C-44DD-A05E-EE99-D95B644AFECA">
<createdBy>kvetinac97</createdBy>
<createdTime>2020-03-02 16:59:19 UTC</createdTime>
<ownerDesignName>semestralka</ownerDesignName>
</ColumnProxy>
<ColumnProxy name="LAST_NAME" id="A86F3940-5145-1765-3CAF-D0DED1ECD8FE">
<createdBy>kvetinac97</createdBy>
<createdTime>2020-03-02 16:59:19 UTC</createdTime>
<ownerDesignName>semestralka</ownerDesignName>
</ColumnProxy>
</columnProxies>
<indexProxies>
<IndexProxy class="oracle.dbtools.crest.model.design.storage.oracle.v10g.IndexProxyOraclev10g" name="MANAGER_PK" id="1CB15F5A-D011-7958-4406-E06DCD7C4AD2">
<createdBy>kvetinac97</createdBy>
<createdTime>2020-03-02 16:59:19 UTC</createdTime>
<ownerDesignName>semestralka</ownerDesignName>
<schemaObject>EE873A43-7278-12DD-02F7-DCBD928AD899</schemaObject>
<segment>CE825E11-403E-7918-CB98-8BCD243F4219</segment>
<tableSpace>0AC36A71-EE97-1B78-A422-2EE224DD842E</tableSpace>
</IndexProxy>
</indexProxies>
<primaryKeys>
<PrimaryKey class="oracle.dbtools.crest.model.design.storage.oracle.v10g.PKProxyOraclev10g" name="MANAGER_PK" id="6BD624C7-C3E8-541D-9EAB-EDEA59959EAF">
<createdBy>kvetinac97</createdBy>
<createdTime>2020-03-02 16:59:22 UTC</createdTime>
<ownerDesignName>semestralka</ownerDesignName>
<segment>CE825E11-403E-7918-CB98-8BCD243F4219</segment>
<tableSpace>0AC36A71-EE97-1B78-A422-2EE224DD842E</tableSpace>
<existingIndex>1CB15F5A-D011-7958-4406-E06DCD7C4AD2</existingIndex>
<indexSegment>CE825E11-403E-7918-CB98-8BCD243F4219</indexSegment>
<indexSort>SORTED</indexSort>
<usingIndex>BY INDEX NAME</usingIndex>
</PrimaryKey>
</primaryKeys>
</TableProxyOraclev12c>
