<?xml version = '1.0' encoding = 'UTF-8'?>
<TableProxyOraclev12c class="oracle.dbtools.crest.model.design.storage.oracle.v12c.TableProxyOraclev12c" name="INGREDIENT_COUNT" directorySegmentName="seg_0" id="6B868E0A-0C62-9E03-20C7-99F43EC4CB24">
<createdBy>kvetinac97</createdBy>
<createdTime>2020-03-02 16:59:18 UTC</createdTime>
<ownerDesignName>semestralka</ownerDesignName>
<logging>YES</logging>
<partitionedRowMovement>DISABLE</partitionedRowMovement>
<segment>5B60140A-037E-4399-12E9-B63C48497151</segment>
<tableSpace>0AC36A71-EE97-1B78-A422-2EE224DD842E</tableSpace>
<temporaryChanged>false</temporaryChanged>
<accessDriverType>oracle_loader</accessDriverType>
<rejectLimit></rejectLimit>
<inMemory>NO</inMemory>
<columnProxies itemClass="oracle.dbtools.crest.model.design.storage.oracle.v12c.ColumnProxyOraclev12c">
<ColumnProxy name="RESTAURANT_ID" id="167BEB1F-F0C5-BA49-D8AD-A929B37A549D">
<createdBy>kvetinac97</createdBy>
<createdTime>2020-03-02 16:59:19 UTC</createdTime>
<ownerDesignName>semestralka</ownerDesignName>
</ColumnProxy>
<ColumnProxy name="INGREDIENT_COUNT" id="BD9CE547-3337-77DC-EBF1-17D2FCCCC39D">
<createdBy>kvetinac97</createdBy>
<createdTime>2020-03-02 16:59:19 UTC</createdTime>
<ownerDesignName>semestralka</ownerDesignName>
</ColumnProxy>
<ColumnProxy name="INGREDIENT_ID" id="D333D5AD-ECBD-5481-C962-F4D7B295867A">
<createdBy>kvetinac97</createdBy>
<createdTime>2020-03-02 16:59:19 UTC</createdTime>
<ownerDesignName>semestralka</ownerDesignName>
</ColumnProxy>
</columnProxies>
<indexProxies>
<IndexProxy class="oracle.dbtools.crest.model.design.storage.oracle.v10g.IndexProxyOraclev10g" name="INGREDIENT_COUNT_PK" id="B2C0021B-7B86-59DD-A14F-C49A932A67F1">
<createdBy>kvetinac97</createdBy>
<createdTime>2020-03-02 16:59:19 UTC</createdTime>
<ownerDesignName>semestralka</ownerDesignName>
<schemaObject>EE873A43-7278-12DD-02F7-DCBD928AD899</schemaObject>
<segment>CE825E11-403E-7918-CB98-8BCD243F4219</segment>
<tableSpace>0AC36A71-EE97-1B78-A422-2EE224DD842E</tableSpace>
</IndexProxy>
</indexProxies>
<foreignKeys>
<ForeignKey class="oracle.dbtools.crest.model.design.storage.oracle.v10g.FKProxyOraclev10g" name="INGREDIENT_COUNT_FK2" id="754A5C66-0214-E826-DBA4-C10BF320584E">
<createdBy>kvetinac97</createdBy>
<createdTime>2020-03-02 16:59:23 UTC</createdTime>
<ownerDesignName>semestralka</ownerDesignName>
</ForeignKey>
<ForeignKey class="oracle.dbtools.crest.model.design.storage.oracle.v10g.FKProxyOraclev10g" name="INGREDIENT_COUNT_FK1" id="A3CFE230-D3F5-71AB-FA9B-EF83AFAB6464">
<createdBy>kvetinac97</createdBy>
<createdTime>2020-03-02 16:59:23 UTC</createdTime>
<ownerDesignName>semestralka</ownerDesignName>
</ForeignKey>
</foreignKeys>
<primaryKeys>
<PrimaryKey class="oracle.dbtools.crest.model.design.storage.oracle.v10g.PKProxyOraclev10g" name="INGREDIENT_COUNT_PK" id="C2C955AE-680D-1FC3-05D1-CD43EC6BD1B2">
<createdBy>kvetinac97</createdBy>
<createdTime>2020-03-02 16:59:22 UTC</createdTime>
<ownerDesignName>semestralka</ownerDesignName>
<segment>CE825E11-403E-7918-CB98-8BCD243F4219</segment>
<tableSpace>0AC36A71-EE97-1B78-A422-2EE224DD842E</tableSpace>
<existingIndex>B2C0021B-7B86-59DD-A14F-C49A932A67F1</existingIndex>
<indexSegment>CE825E11-403E-7918-CB98-8BCD243F4219</indexSegment>
<indexSort>SORTED</indexSort>
<usingIndex>BY INDEX NAME</usingIndex>
</PrimaryKey>
</primaryKeys>
</TableProxyOraclev12c>
