<?xml version = '1.0' encoding = 'UTF-8'?>
<TableProxyOraclev12c class="oracle.dbtools.crest.model.design.storage.oracle.v12c.TableProxyOraclev12c" name="TTABLE" directorySegmentName="seg_0" id="AE2DDA42-9CEC-65DE-DA63-03594FE53709">
<createdBy>kvetinac97</createdBy>
<createdTime>2020-03-02 16:59:18 UTC</createdTime>
<ownerDesignName>semestralka</ownerDesignName>
<logging>YES</logging>
<partitionedRowMovement>DISABLE</partitionedRowMovement>
<segment>5B60140A-037E-4399-12E9-B63C48497151</segment>
<tableSpace>0AC36A71-EE97-1B78-A422-2EE224DD842E</tableSpace>
<temporaryChanged>false</temporaryChanged>
<accessDriverType>oracle_loader</accessDriverType>
<rejectLimit></rejectLimit>
<inMemory>NO</inMemory>
<columnProxies itemClass="oracle.dbtools.crest.model.design.storage.oracle.v12c.ColumnProxyOraclev12c">
<ColumnProxy name="CAPACITY" id="507BF6ED-63A5-63E0-2850-8E34F778FF07">
<createdBy>kvetinac97</createdBy>
<createdTime>2020-03-02 16:59:19 UTC</createdTime>
<ownerDesignName>semestralka</ownerDesignName>
</ColumnProxy>
<ColumnProxy name="WAITER_ID" id="58EF7999-4967-8A77-F7B3-29944AD9D4F3">
<createdBy>kvetinac97</createdBy>
<createdTime>2020-03-02 16:59:19 UTC</createdTime>
<ownerDesignName>semestralka</ownerDesignName>
</ColumnProxy>
<ColumnProxy name="RESTAURANT_ID" id="6F8EF562-8CF1-B407-B18C-F21772535916">
<createdBy>kvetinac97</createdBy>
<createdTime>2020-03-02 16:59:19 UTC</createdTime>
<ownerDesignName>semestralka</ownerDesignName>
</ColumnProxy>
<ColumnProxy name="TYPE" id="844DDE0B-A50E-8482-68B2-6CA06CDAF705">
<createdBy>kvetinac97</createdBy>
<createdTime>2020-03-02 16:59:19 UTC</createdTime>
<ownerDesignName>semestralka</ownerDesignName>
</ColumnProxy>
<ColumnProxy name="ID" id="907776B5-39BC-FB8C-26AE-D6115DA61FD4">
<createdBy>kvetinac97</createdBy>
<createdTime>2020-03-02 16:59:19 UTC</createdTime>
<ownerDesignName>semestralka</ownerDesignName>
</ColumnProxy>
</columnProxies>
<indexProxies>
<IndexProxy class="oracle.dbtools.crest.model.design.storage.oracle.v10g.IndexProxyOraclev10g" name="TTABLE_PK" id="B7F474A8-33FF-D656-CB8E-30A35207F343">
<createdBy>kvetinac97</createdBy>
<createdTime>2020-03-02 16:59:19 UTC</createdTime>
<ownerDesignName>semestralka</ownerDesignName>
<schemaObject>EE873A43-7278-12DD-02F7-DCBD928AD899</schemaObject>
<segment>CE825E11-403E-7918-CB98-8BCD243F4219</segment>
<tableSpace>0AC36A71-EE97-1B78-A422-2EE224DD842E</tableSpace>
</IndexProxy>
</indexProxies>
<foreignKeys>
<ForeignKey class="oracle.dbtools.crest.model.design.storage.oracle.v10g.FKProxyOraclev10g" name="TTABLE_FK1" id="5687ABE4-9579-8001-E6C5-816AB4C7FBB7">
<createdBy>kvetinac97</createdBy>
<createdTime>2020-03-02 16:59:23 UTC</createdTime>
<ownerDesignName>semestralka</ownerDesignName>
</ForeignKey>
<ForeignKey class="oracle.dbtools.crest.model.design.storage.oracle.v10g.FKProxyOraclev10g" name="TTABLE_FK2" id="9A7C5C90-A23B-E619-364B-249A84B2625B">
<createdBy>kvetinac97</createdBy>
<createdTime>2020-03-02 16:59:23 UTC</createdTime>
<ownerDesignName>semestralka</ownerDesignName>
</ForeignKey>
</foreignKeys>
<primaryKeys>
<PrimaryKey class="oracle.dbtools.crest.model.design.storage.oracle.v10g.PKProxyOraclev10g" name="TTABLE_PK" id="0F183A7A-5045-965D-660C-1744BF9BF409">
<createdBy>kvetinac97</createdBy>
<createdTime>2020-03-02 16:59:22 UTC</createdTime>
<ownerDesignName>semestralka</ownerDesignName>
<segment>CE825E11-403E-7918-CB98-8BCD243F4219</segment>
<tableSpace>0AC36A71-EE97-1B78-A422-2EE224DD842E</tableSpace>
<existingIndex>B7F474A8-33FF-D656-CB8E-30A35207F343</existingIndex>
<indexSegment>CE825E11-403E-7918-CB98-8BCD243F4219</indexSegment>
<indexSort>SORTED</indexSort>
<usingIndex>BY INDEX NAME</usingIndex>
</PrimaryKey>
</primaryKeys>
</TableProxyOraclev12c>
