<?xml version = '1.0' encoding = 'UTF-8'?>
<TableProxyOraclev12c class="oracle.dbtools.crest.model.design.storage.oracle.v12c.TableProxyOraclev12c" name="CUSTOMER" directorySegmentName="seg_0" id="C072432F-CF74-DFE7-D69C-3C68BE2CA177">
<createdBy>kvetinac97</createdBy>
<createdTime>2020-03-02 16:59:18 UTC</createdTime>
<ownerDesignName>semestralka</ownerDesignName>
<logging>YES</logging>
<partitionedRowMovement>DISABLE</partitionedRowMovement>
<segment>5B60140A-037E-4399-12E9-B63C48497151</segment>
<tableSpace>0AC36A71-EE97-1B78-A422-2EE224DD842E</tableSpace>
<temporaryChanged>false</temporaryChanged>
<accessDriverType>oracle_loader</accessDriverType>
<rejectLimit></rejectLimit>
<inMemory>NO</inMemory>
<columnProxies itemClass="oracle.dbtools.crest.model.design.storage.oracle.v12c.ColumnProxyOraclev12c">
<ColumnProxy name="FIRST_NAME" id="00376EDB-47BE-2D6B-0D7B-C8C2AD20FAD7">
<createdBy>kvetinac97</createdBy>
<createdTime>2020-03-02 16:59:18 UTC</createdTime>
<ownerDesignName>semestralka</ownerDesignName>
</ColumnProxy>
<ColumnProxy name="TABLE_ID" id="40C5B912-F1AE-A274-31FF-A529E9341FFB">
<createdBy>kvetinac97</createdBy>
<createdTime>2020-03-02 16:59:18 UTC</createdTime>
<ownerDesignName>semestralka</ownerDesignName>
</ColumnProxy>
<ColumnProxy name="RESTAURANT_ID" id="6B640291-1628-B46D-AC27-F7F0B65C9E3A">
<createdBy>kvetinac97</createdBy>
<createdTime>2020-03-19 11:20:08 UTC</createdTime>
<ownerDesignName>semestralka</ownerDesignName>
</ColumnProxy>
<ColumnProxy name="AGE" id="7BA65133-73D3-42F7-93D1-47C59335FA18">
<createdBy>kvetinac97</createdBy>
<createdTime>2020-03-02 16:59:18 UTC</createdTime>
<ownerDesignName>semestralka</ownerDesignName>
</ColumnProxy>
<ColumnProxy name="LAST_NAME" id="BB5D0565-394C-29F9-65AD-EAB496E00512">
<createdBy>kvetinac97</createdBy>
<createdTime>2020-03-02 16:59:18 UTC</createdTime>
<ownerDesignName>semestralka</ownerDesignName>
</ColumnProxy>
<ColumnProxy name="ID" id="D3468D9C-2978-0316-A7C0-B54905B37D39">
<createdBy>kvetinac97</createdBy>
<createdTime>2020-03-02 16:59:18 UTC</createdTime>
<ownerDesignName>semestralka</ownerDesignName>
</ColumnProxy>
</columnProxies>
<indexProxies>
<IndexProxy class="oracle.dbtools.crest.model.design.storage.oracle.v10g.IndexProxyOraclev10g" name="CUSTOMER_PK" id="E4CD98E9-44ED-B3D8-1AC0-12E725170902">
<createdBy>kvetinac97</createdBy>
<createdTime>2020-03-02 16:59:19 UTC</createdTime>
<ownerDesignName>semestralka</ownerDesignName>
<schemaObject>EE873A43-7278-12DD-02F7-DCBD928AD899</schemaObject>
<segment>CE825E11-403E-7918-CB98-8BCD243F4219</segment>
<tableSpace>0AC36A71-EE97-1B78-A422-2EE224DD842E</tableSpace>
</IndexProxy>
</indexProxies>
<foreignKeys>
<ForeignKey class="oracle.dbtools.crest.model.design.storage.oracle.v10g.FKProxyOraclev10g" name="CUSTOMER_FK1" id="A4092D85-C2F1-F982-BFD4-190051AA3405">
<createdBy>kvetinac97</createdBy>
<createdTime>2020-03-02 16:59:23 UTC</createdTime>
<ownerDesignName>semestralka</ownerDesignName>
</ForeignKey>
</foreignKeys>
<primaryKeys>
<PrimaryKey class="oracle.dbtools.crest.model.design.storage.oracle.v10g.PKProxyOraclev10g" name="CUSTOMER_PK" id="7DFF343F-41E9-048F-B79A-27DCD96EAADF">
<createdBy>kvetinac97</createdBy>
<createdTime>2020-03-02 16:59:21 UTC</createdTime>
<ownerDesignName>semestralka</ownerDesignName>
<segment>CE825E11-403E-7918-CB98-8BCD243F4219</segment>
<tableSpace>0AC36A71-EE97-1B78-A422-2EE224DD842E</tableSpace>
<existingIndex>E4CD98E9-44ED-B3D8-1AC0-12E725170902</existingIndex>
<indexSegment>CE825E11-403E-7918-CB98-8BCD243F4219</indexSegment>
<indexSort>SORTED</indexSort>
<usingIndex>BY INDEX NAME</usingIndex>
</PrimaryKey>
</primaryKeys>
</TableProxyOraclev12c>
