<?xml version = '1.0' encoding = 'UTF-8'?>
<TableProxyOraclev12c class="oracle.dbtools.crest.model.design.storage.oracle.v12c.TableProxyOraclev12c" name="FOOD_INGREDIENT" directorySegmentName="seg_0" id="C80287A9-F1E0-0126-FDDC-37924DD060B8">
<createdBy>kvetinac97</createdBy>
<createdTime>2020-03-02 16:59:18 UTC</createdTime>
<ownerDesignName>semestralka</ownerDesignName>
<logging>YES</logging>
<partitionedRowMovement>DISABLE</partitionedRowMovement>
<segment>5B60140A-037E-4399-12E9-B63C48497151</segment>
<tableSpace>0AC36A71-EE97-1B78-A422-2EE224DD842E</tableSpace>
<temporaryChanged>false</temporaryChanged>
<accessDriverType>oracle_loader</accessDriverType>
<rejectLimit></rejectLimit>
<inMemory>NO</inMemory>
<columnProxies itemClass="oracle.dbtools.crest.model.design.storage.oracle.v12c.ColumnProxyOraclev12c">
<ColumnProxy name="UNIT" id="0118C294-727B-A107-B437-5DF594BBD578">
<createdBy>kvetinac97</createdBy>
<createdTime>2020-03-02 16:59:19 UTC</createdTime>
<ownerDesignName>semestralka</ownerDesignName>
</ColumnProxy>
<ColumnProxy name="INGREDIENT_COUNT" id="3B07B37B-6AF4-ACC7-6CC8-6252FC2FDA40">
<createdBy>kvetinac97</createdBy>
<createdTime>2020-03-02 16:59:19 UTC</createdTime>
<ownerDesignName>semestralka</ownerDesignName>
</ColumnProxy>
<ColumnProxy name="FOOD_ID" id="6688108B-B5E4-FD6D-BC8A-9F6B955307BB">
<createdBy>kvetinac97</createdBy>
<createdTime>2020-03-02 16:59:19 UTC</createdTime>
<ownerDesignName>semestralka</ownerDesignName>
</ColumnProxy>
<ColumnProxy name="INGREDIENT_ID" id="E4988D1A-221A-CF99-7E98-BD2A4CD3E195">
<createdBy>kvetinac97</createdBy>
<createdTime>2020-03-02 16:59:19 UTC</createdTime>
<ownerDesignName>semestralka</ownerDesignName>
</ColumnProxy>
</columnProxies>
<indexProxies>
<IndexProxy class="oracle.dbtools.crest.model.design.storage.oracle.v10g.IndexProxyOraclev10g" name="FOOD_INGREDIENT_PK" id="F6AA5DCB-7681-D6EF-02E0-D0399EEF2DA0">
<createdBy>kvetinac97</createdBy>
<createdTime>2020-03-02 16:59:19 UTC</createdTime>
<ownerDesignName>semestralka</ownerDesignName>
<schemaObject>EE873A43-7278-12DD-02F7-DCBD928AD899</schemaObject>
<segment>CE825E11-403E-7918-CB98-8BCD243F4219</segment>
<tableSpace>0AC36A71-EE97-1B78-A422-2EE224DD842E</tableSpace>
</IndexProxy>
</indexProxies>
<foreignKeys>
<ForeignKey class="oracle.dbtools.crest.model.design.storage.oracle.v10g.FKProxyOraclev10g" name="FOOD_INGREDIENT_FK1" id="431CCACF-63DF-5ADE-D9A5-6DAE8F3C3BBE">
<createdBy>kvetinac97</createdBy>
<createdTime>2020-03-02 16:59:23 UTC</createdTime>
<ownerDesignName>semestralka</ownerDesignName>
</ForeignKey>
<ForeignKey class="oracle.dbtools.crest.model.design.storage.oracle.v10g.FKProxyOraclev10g" name="FOOD_INGREDIENT_FK2" id="736511E9-F949-7F43-839D-D436FDCE5821">
<createdBy>kvetinac97</createdBy>
<createdTime>2020-03-02 16:59:23 UTC</createdTime>
<ownerDesignName>semestralka</ownerDesignName>
</ForeignKey>
</foreignKeys>
<primaryKeys>
<PrimaryKey class="oracle.dbtools.crest.model.design.storage.oracle.v10g.PKProxyOraclev10g" name="FOOD_INGREDIENT_PK" id="87165F2C-E88C-90B8-4933-A9BAA6015BF9">
<createdBy>kvetinac97</createdBy>
<createdTime>2020-03-02 16:59:22 UTC</createdTime>
<ownerDesignName>semestralka</ownerDesignName>
<segment>CE825E11-403E-7918-CB98-8BCD243F4219</segment>
<tableSpace>0AC36A71-EE97-1B78-A422-2EE224DD842E</tableSpace>
<existingIndex>F6AA5DCB-7681-D6EF-02E0-D0399EEF2DA0</existingIndex>
<indexSegment>CE825E11-403E-7918-CB98-8BCD243F4219</indexSegment>
<indexSort>SORTED</indexSort>
<usingIndex>BY INDEX NAME</usingIndex>
</PrimaryKey>
</primaryKeys>
</TableProxyOraclev12c>
