[{"name":"caltrack","description":null,"location":"index.html","searchKeys":["caltrack"]},{"name":"cz.cvut.fit.caltrack","description":null,"location":"caltrack/cz.cvut.fit.caltrack/index.html","searchKeys":["cz.cvut.fit.caltrack"]},{"name":"CaltrackApplication","description":null,"location":"caltrack/cz.cvut.fit.caltrack/-caltrack-application/index.html","searchKeys":["CaltrackApplication"]},{"name":"CaltrackApplicationKt","description":null,"location":"caltrack/cz.cvut.fit.caltrack/-caltrack-application-kt/index.html","searchKeys":["CaltrackApplicationKt"]},{"name":"cz.cvut.fit.caltrack.business.dto","description":null,"location":"caltrack/cz.cvut.fit.caltrack.business.dto/index.html","searchKeys":["cz.cvut.fit.caltrack.business.dto"]},{"name":"ActivityCreateDTO","description":null,"location":"caltrack/cz.cvut.fit.caltrack.business.dto/-activity-create-d-t-o/index.html","searchKeys":["ActivityCreateDTO"]},{"name":"ActivityReadDTO","description":null,"location":"caltrack/cz.cvut.fit.caltrack.business.dto/-activity-read-d-t-o/index.html","searchKeys":["ActivityReadDTO"]},{"name":"ActivityUpdateDTO","description":null,"location":"caltrack/cz.cvut.fit.caltrack.business.dto/-activity-update-d-t-o/index.html","searchKeys":["ActivityUpdateDTO"]},{"name":"FoodCreateDTO","description":null,"location":"caltrack/cz.cvut.fit.caltrack.business.dto/-food-create-d-t-o/index.html","searchKeys":["FoodCreateDTO"]},{"name":"FoodMicronutrientCreateDTO","description":null,"location":"caltrack/cz.cvut.fit.caltrack.business.dto/-food-micronutrient-create-d-t-o/index.html","searchKeys":["FoodMicronutrientCreateDTO"]},{"name":"FoodMicronutrientReadDTO","description":null,"location":"caltrack/cz.cvut.fit.caltrack.business.dto/-food-micronutrient-read-d-t-o/index.html","searchKeys":["FoodMicronutrientReadDTO"]},{"name":"FoodMicronutrientUpdateDTO","description":null,"location":"caltrack/cz.cvut.fit.caltrack.business.dto/-food-micronutrient-update-d-t-o/index.html","searchKeys":["FoodMicronutrientUpdateDTO"]},{"name":"FoodReadDTO","description":null,"location":"caltrack/cz.cvut.fit.caltrack.business.dto/-food-read-d-t-o/index.html","searchKeys":["FoodReadDTO"]},{"name":"FoodUpdateDTO","description":null,"location":"caltrack/cz.cvut.fit.caltrack.business.dto/-food-update-d-t-o/index.html","searchKeys":["FoodUpdateDTO"]},{"name":"GoalCreateDTO","description":null,"location":"caltrack/cz.cvut.fit.caltrack.business.dto/-goal-create-d-t-o/index.html","searchKeys":["GoalCreateDTO"]},{"name":"GoalReadDTO","description":null,"location":"caltrack/cz.cvut.fit.caltrack.business.dto/-goal-read-d-t-o/index.html","searchKeys":["GoalReadDTO"]},{"name":"GoalUpdateDTO","description":null,"location":"caltrack/cz.cvut.fit.caltrack.business.dto/-goal-update-d-t-o/index.html","searchKeys":["GoalUpdateDTO"]},{"name":"ICreateDTO","description":null,"location":"caltrack/cz.cvut.fit.caltrack.business.dto/-i-create-d-t-o/index.html","searchKeys":["ICreateDTO"]},{"name":"IReadDTO","description":null,"location":"caltrack/cz.cvut.fit.caltrack.business.dto/-i-read-d-t-o/index.html","searchKeys":["IReadDTO"]},{"name":"IUpdateDTO","description":null,"location":"caltrack/cz.cvut.fit.caltrack.business.dto/-i-update-d-t-o/index.html","searchKeys":["IUpdateDTO"]},{"name":"MealCreateDTO","description":null,"location":"caltrack/cz.cvut.fit.caltrack.business.dto/-meal-create-d-t-o/index.html","searchKeys":["MealCreateDTO"]},{"name":"MealReadDTO","description":null,"location":"caltrack/cz.cvut.fit.caltrack.business.dto/-meal-read-d-t-o/index.html","searchKeys":["MealReadDTO"]},{"name":"MealUpdateDTO","description":null,"location":"caltrack/cz.cvut.fit.caltrack.business.dto/-meal-update-d-t-o/index.html","searchKeys":["MealUpdateDTO"]},{"name":"MicronutrientCreateDTO","description":null,"location":"caltrack/cz.cvut.fit.caltrack.business.dto/-micronutrient-create-d-t-o/index.html","searchKeys":["MicronutrientCreateDTO"]},{"name":"MicronutrientReadDTO","description":null,"location":"caltrack/cz.cvut.fit.caltrack.business.dto/-micronutrient-read-d-t-o/index.html","searchKeys":["MicronutrientReadDTO"]},{"name":"MicronutrientUpdateDTO","description":null,"location":"caltrack/cz.cvut.fit.caltrack.business.dto/-micronutrient-update-d-t-o/index.html","searchKeys":["MicronutrientUpdateDTO"]},{"name":"UserActivityCreateDTO","description":null,"location":"caltrack/cz.cvut.fit.caltrack.business.dto/-user-activity-create-d-t-o/index.html","searchKeys":["UserActivityCreateDTO"]},{"name":"UserActivityReadDTO","description":null,"location":"caltrack/cz.cvut.fit.caltrack.business.dto/-user-activity-read-d-t-o/index.html","searchKeys":["UserActivityReadDTO"]},{"name":"UserActivityUpdateDTO","description":null,"location":"caltrack/cz.cvut.fit.caltrack.business.dto/-user-activity-update-d-t-o/index.html","searchKeys":["UserActivityUpdateDTO"]},{"name":"UserCreateDTO","description":null,"location":"caltrack/cz.cvut.fit.caltrack.business.dto/-user-create-d-t-o/index.html","searchKeys":["UserCreateDTO"]},{"name":"UserMealFoodCreateDTO","description":null,"location":"caltrack/cz.cvut.fit.caltrack.business.dto/-user-meal-food-create-d-t-o/index.html","searchKeys":["UserMealFoodCreateDTO"]},{"name":"UserMealFoodReadDTO","description":null,"location":"caltrack/cz.cvut.fit.caltrack.business.dto/-user-meal-food-read-d-t-o/index.html","searchKeys":["UserMealFoodReadDTO"]},{"name":"UserMealFoodUpdateDTO","description":null,"location":"caltrack/cz.cvut.fit.caltrack.business.dto/-user-meal-food-update-d-t-o/index.html","searchKeys":["UserMealFoodUpdateDTO"]},{"name":"UserReadDTO","description":null,"location":"caltrack/cz.cvut.fit.caltrack.business.dto/-user-read-d-t-o/index.html","searchKeys":["UserReadDTO"]},{"name":"UserUpdateDTO","description":null,"location":"caltrack/cz.cvut.fit.caltrack.business.dto/-user-update-d-t-o/index.html","searchKeys":["UserUpdateDTO"]},{"name":"cz.cvut.fit.caltrack.business.service","description":null,"location":"caltrack/cz.cvut.fit.caltrack.business.service/index.html","searchKeys":["cz.cvut.fit.caltrack.business.service"]},{"name":"ActivityService","description":null,"location":"caltrack/cz.cvut.fit.caltrack.business.service/-activity-service/index.html","searchKeys":["ActivityService"]},{"name":"FoodMicronutrientService","description":null,"location":"caltrack/cz.cvut.fit.caltrack.business.service/-food-micronutrient-service/index.html","searchKeys":["FoodMicronutrientService"]},{"name":"FoodService","description":null,"location":"caltrack/cz.cvut.fit.caltrack.business.service/-food-service/index.html","searchKeys":["FoodService"]},{"name":"GoalService","description":null,"location":"caltrack/cz.cvut.fit.caltrack.business.service/-goal-service/index.html","searchKeys":["GoalService"]},{"name":"IService","description":null,"location":"caltrack/cz.cvut.fit.caltrack.business.service/-i-service/index.html","searchKeys":["IService"]},{"name":"IServiceImpl","description":null,"location":"caltrack/cz.cvut.fit.caltrack.business.service/-i-service-impl/index.html","searchKeys":["IServiceImpl"]},{"name":"MealService","description":null,"location":"caltrack/cz.cvut.fit.caltrack.business.service/-meal-service/index.html","searchKeys":["MealService"]},{"name":"MicronutrientService","description":null,"location":"caltrack/cz.cvut.fit.caltrack.business.service/-micronutrient-service/index.html","searchKeys":["MicronutrientService"]},{"name":"UserActivityService","description":null,"location":"caltrack/cz.cvut.fit.caltrack.business.service/-user-activity-service/index.html","searchKeys":["UserActivityService"]},{"name":"UserMealFoodService","description":null,"location":"caltrack/cz.cvut.fit.caltrack.business.service/-user-meal-food-service/index.html","searchKeys":["UserMealFoodService"]},{"name":"UserService","description":null,"location":"caltrack/cz.cvut.fit.caltrack.business.service/-user-service/index.html","searchKeys":["UserService"]},{"name":"cz.cvut.fit.caltrack.data.entity","description":null,"location":"caltrack/cz.cvut.fit.caltrack.data.entity/index.html","searchKeys":["cz.cvut.fit.caltrack.data.entity"]},{"name":"Activity","description":null,"location":"caltrack/cz.cvut.fit.caltrack.data.entity/-activity/index.html","searchKeys":["Activity"]},{"name":"Food","description":null,"location":"caltrack/cz.cvut.fit.caltrack.data.entity/-food/index.html","searchKeys":["Food"]},{"name":"FoodMicronutrient","description":null,"location":"caltrack/cz.cvut.fit.caltrack.data.entity/-food-micronutrient/index.html","searchKeys":["FoodMicronutrient"]},{"name":"Goal","description":null,"location":"caltrack/cz.cvut.fit.caltrack.data.entity/-goal/index.html","searchKeys":["Goal"]},{"name":"IEntity","description":null,"location":"caltrack/cz.cvut.fit.caltrack.data.entity/-i-entity/index.html","searchKeys":["IEntity"]},{"name":"Meal","description":null,"location":"caltrack/cz.cvut.fit.caltrack.data.entity/-meal/index.html","searchKeys":["Meal"]},{"name":"Micronutrient","description":null,"location":"caltrack/cz.cvut.fit.caltrack.data.entity/-micronutrient/index.html","searchKeys":["Micronutrient"]},{"name":"User","description":null,"location":"caltrack/cz.cvut.fit.caltrack.data.entity/-user/index.html","searchKeys":["User"]},{"name":"UserActivity","description":null,"location":"caltrack/cz.cvut.fit.caltrack.data.entity/-user-activity/index.html","searchKeys":["UserActivity"]},{"name":"UserMealFood","description":null,"location":"caltrack/cz.cvut.fit.caltrack.data.entity/-user-meal-food/index.html","searchKeys":["UserMealFood"]},{"name":"cz.cvut.fit.caltrack.data.repository","description":null,"location":"caltrack/cz.cvut.fit.caltrack.data.repository/index.html","searchKeys":["cz.cvut.fit.caltrack.data.repository"]},{"name":"ActivityRepository","description":null,"location":"caltrack/cz.cvut.fit.caltrack.data.repository/-activity-repository/index.html","searchKeys":["ActivityRepository"]},{"name":"FoodMicronutrientRepository","description":null,"location":"caltrack/cz.cvut.fit.caltrack.data.repository/-food-micronutrient-repository/index.html","searchKeys":["FoodMicronutrientRepository"]},{"name":"FoodRepository","description":null,"location":"caltrack/cz.cvut.fit.caltrack.data.repository/-food-repository/index.html","searchKeys":["FoodRepository"]},{"name":"GoalRepository","description":null,"location":"caltrack/cz.cvut.fit.caltrack.data.repository/-goal-repository/index.html","searchKeys":["GoalRepository"]},{"name":"IRepository","description":null,"location":"caltrack/cz.cvut.fit.caltrack.data.repository/-i-repository/index.html","searchKeys":["IRepository"]},{"name":"MealRepository","description":null,"location":"caltrack/cz.cvut.fit.caltrack.data.repository/-meal-repository/index.html","searchKeys":["MealRepository"]},{"name":"MicronutrientRepository","description":null,"location":"caltrack/cz.cvut.fit.caltrack.data.repository/-micronutrient-repository/index.html","searchKeys":["MicronutrientRepository"]},{"name":"UserActivityRepository","description":null,"location":"caltrack/cz.cvut.fit.caltrack.data.repository/-user-activity-repository/index.html","searchKeys":["UserActivityRepository"]},{"name":"UserMealFoodRepository","description":null,"location":"caltrack/cz.cvut.fit.caltrack.data.repository/-user-meal-food-repository/index.html","searchKeys":["UserMealFoodRepository"]},{"name":"UserRepository","description":null,"location":"caltrack/cz.cvut.fit.caltrack.data.repository/-user-repository/index.html","searchKeys":["UserRepository"]},{"name":"cz.cvut.fit.caltrack.presentation.controller","description":null,"location":"caltrack/cz.cvut.fit.caltrack.presentation.controller/index.html","searchKeys":["cz.cvut.fit.caltrack.presentation.controller"]},{"name":"ActivityController","description":null,"location":"caltrack/cz.cvut.fit.caltrack.presentation.controller/-activity-controller/index.html","searchKeys":["ActivityController"]},{"name":"FoodController","description":null,"location":"caltrack/cz.cvut.fit.caltrack.presentation.controller/-food-controller/index.html","searchKeys":["FoodController"]},{"name":"FoodMicronutrientController","description":null,"location":"caltrack/cz.cvut.fit.caltrack.presentation.controller/-food-micronutrient-controller/index.html","searchKeys":["FoodMicronutrientController"]},{"name":"GoalController","description":null,"location":"caltrack/cz.cvut.fit.caltrack.presentation.controller/-goal-controller/index.html","searchKeys":["GoalController"]},{"name":"IController","description":null,"location":"caltrack/cz.cvut.fit.caltrack.presentation.controller/-i-controller/index.html","searchKeys":["IController"]},{"name":"IControllerImpl","description":null,"location":"caltrack/cz.cvut.fit.caltrack.presentation.controller/-i-controller-impl/index.html","searchKeys":["IControllerImpl"]},{"name":"MealController","description":null,"location":"caltrack/cz.cvut.fit.caltrack.presentation.controller/-meal-controller/index.html","searchKeys":["MealController"]},{"name":"MicronutrientController","description":null,"location":"caltrack/cz.cvut.fit.caltrack.presentation.controller/-micronutrient-controller/index.html","searchKeys":["MicronutrientController"]},{"name":"UserActivityController","description":null,"location":"caltrack/cz.cvut.fit.caltrack.presentation.controller/-user-activity-controller/index.html","searchKeys":["UserActivityController"]},{"name":"UserController","description":null,"location":"caltrack/cz.cvut.fit.caltrack.presentation.controller/-user-controller/index.html","searchKeys":["UserController"]},{"name":"UserMealFoodController","description":null,"location":"caltrack/cz.cvut.fit.caltrack.presentation.controller/-user-meal-food-controller/index.html","searchKeys":["UserMealFoodController"]}]
