<?xml version = '1.0' encoding = 'UTF-8'?>
<Diagram class="oracle.dbtools.crest.swingui.logical.DPVLogical" name="Logical" id="6AC7B8BE-EB75-120C-33C9-C169BA14B236">
<createdBy>kvetinac97</createdBy>
<modifiedBy>kvetinac97</modifiedBy>
<createdTime>2020-03-02 16:57:45 UTC</createdTime>
<autoRoute>false</autoRoute>
<boxInbox>true</boxInbox>
<showLegend>false</showLegend>
<showLabels>true</showLabels>
<showRelAttributes>true</showRelAttributes>
<gridEnabled>false</gridEnabled>
<showGrid>false</showGrid>
<diagramColor>-1</diagramColor>
<display>false</display>
<notation>1</notation>
<objectViews>
<OView class="oracle.dbtools.crest.swingui.logical.TVEntity" oid="147FE336-B9A8-ED00-3C32-8DD07D7E02D3" otype="Entity" vid="57B3E1FF-20B7-006C-7F0B-97F1F8ED5623">
<hideElementsInCurrentOnly>false</hideElementsInCurrentOnly>
<bounds x="179" y="970" width="179" height="163"/>
</OView>
<OView class="oracle.dbtools.crest.swingui.logical.TVEntity" oid="4950F180-26DD-AB36-A188-7FEA694A4C1C" otype="Entity" vid="539DA691-6216-A989-CBB1-B8F55EA37C5B">
<hideElementsInCurrentOnly>false</hideElementsInCurrentOnly>
<bounds x="477" y="340" width="419" height="564"/>
</OView>
<OView class="oracle.dbtools.crest.swingui.logical.TVEntity" oid="60D5BBBA-0EE2-89AA-787E-47FDBBFA78D1" otype="Entity" vid="AA1EC2C4-28B2-4560-C82D-CC2DB5B0BC25">
<hideElementsInCurrentOnly>false</hideElementsInCurrentOnly>
<bounds x="1028" y="458" width="206" height="143"/>
</OView>
<OView class="oracle.dbtools.crest.swingui.logical.TVEntity" oid="6212E16E-673C-C316-D177-2DCDE82CAB8C" otype="Entity" vid="A6AE270B-0232-2C11-2B66-44824CE952C6">
<hideElementsInCurrentOnly>false</hideElementsInCurrentOnly>
<bounds x="1016" y="149" width="200" height="167"/>
</OView>
<OView class="oracle.dbtools.crest.swingui.logical.TVEntity" oid="705060AE-2F0D-40A3-5495-0D4598DC3A99" otype="Entity" vid="D153C6DA-25D0-010E-FFE0-FFC77B68752B">
<hideElementsInCurrentOnly>false</hideElementsInCurrentOnly>
<bounds x="1058" y="727" width="192" height="128"/>
</OView>
<OView class="oracle.dbtools.crest.swingui.logical.TVEntity" oid="78CE5520-012F-5361-86C8-4609D2EDDFF6" otype="Entity" vid="DB0BDB5F-9A2A-8B91-36B2-EBE9B675A5B1">
<hideElementsInCurrentOnly>false</hideElementsInCurrentOnly>
<bounds x="471" y="69" width="233" height="152"/>
</OView>
<OView class="oracle.dbtools.crest.swingui.logical.TVEntity" oid="8713D4F5-3AA9-D729-738A-D201A4C112DB" otype="Entity" vid="CA0FAB22-65C8-209A-7268-1EE367BB70EF">
<hideElementsInCurrentOnly>false</hideElementsInCurrentOnly>
<bounds x="531" y="627" width="183" height="90"/>
</OView>
<OView class="oracle.dbtools.crest.swingui.logical.TVEntity" oid="ADAB9FAD-F9F4-3046-BDAA-238546186E11" otype="Entity" vid="9A098418-1EB1-CF77-43B7-E4627CB83ED9">
<hideElementsInCurrentOnly>false</hideElementsInCurrentOnly>
<bounds x="102" y="378" width="224" height="160"/>
</OView>
<OView class="oracle.dbtools.crest.swingui.logical.TVEntity" oid="B03C36A9-F25D-BC1E-0F6C-B69B6E4BDDDB" otype="Entity" vid="C1AA2D88-131D-CDF1-D5D9-02DFE02E26FC">
<hideElementsInCurrentOnly>false</hideElementsInCurrentOnly>
<bounds x="636" y="434" width="217" height="68"/>
</OView>
<OView class="oracle.dbtools.crest.swingui.logical.TVEntity" oid="D21A12DD-B137-C097-5040-5FE2C94B35E5" otype="Entity" vid="39549980-6B18-B860-7D6F-04F5CB51D736">
<hideElementsInCurrentOnly>false</hideElementsInCurrentOnly>
<bounds x="786" y="1021" width="191" height="123"/>
</OView>
<OView class="oracle.dbtools.crest.swingui.logical.TVEntity" oid="DFB5CEBD-F146-574F-2EAB-0A357E2EBEB6" otype="Entity" vid="F0326D7A-19C4-225D-A60A-6B73E01D1548">
<hideElementsInCurrentOnly>false</hideElementsInCurrentOnly>
<bounds x="705" y="768" width="165" height="88"/>
</OView>
</objectViews>
<connectors>
<Connector class="oracle.dbtools.crest.swingui.logical.TVInheritanceRelation" oid="23D4D133-BFD3-01C0-DC21-70937F1C48E9" otype="Hierarchy relation" vid_source="539DA691-6216-A989-CBB1-B8F55EA37C5B" vid_target="F0326D7A-19C4-225D-A60A-6B73E01D1548">
<hideElementsInCurrentOnly>false</hideElementsInCurrentOnly>
<backgroundColor>-65536</backgroundColor>
<lineWidth>1</lineWidth>
</Connector>
<Connector class="oracle.dbtools.crest.swingui.logical.TVRelation" oid="27BC05A0-4B04-1BB3-D7C5-2DFAF1235EC1" otype="Relation" vid_source="A6AE270B-0232-2C11-2B66-44824CE952C6" vid_target="AA1EC2C4-28B2-4560-C82D-CC2DB5B0BC25">
<hideElementsInCurrentOnly>false</hideElementsInCurrentOnly>
<backgroundColor>-16777216</backgroundColor>
<lineWidth>1</lineWidth>
<sourceLabel class="oracle.dbtools.crest.model.design.Label">
<site>0</site>
<labelBounds x="1122" y="334" width="63" height="12"/>
<noBackgroundColor>true</noBackgroundColor>
<noForegroundColor>true</noForegroundColor>
</sourceLabel>
<targetLabel class="oracle.dbtools.crest.model.design.Label">
<site>2</site>
<labelBounds x="1122" y="411" width="69" height="41"/>
<noBackgroundColor>true</noBackgroundColor>
<noForegroundColor>true</noForegroundColor>
</targetLabel>
<points>
<point x="1122" y="316"/>
<point x="1122" y="458"/>
</points>
</Connector>
<Connector class="oracle.dbtools.crest.swingui.logical.TVRelation" oid="3C50F8F7-C863-9E93-AE7C-081B7A29581B" otype="Relation" vid_source="57B3E1FF-20B7-006C-7F0B-97F1F8ED5623" vid_target="39549980-6B18-B860-7D6F-04F5CB51D736">
<hideElementsInCurrentOnly>false</hideElementsInCurrentOnly>
<backgroundColor>-16777216</backgroundColor>
<lineWidth>1</lineWidth>
<sourceLabel class="oracle.dbtools.crest.model.design.Label">
<site>0</site>
<labelBounds x="368" y="1047" width="63" height="30"/>
<noBackgroundColor>true</noBackgroundColor>
<noForegroundColor>true</noForegroundColor>
</sourceLabel>
<targetLabel class="oracle.dbtools.crest.model.design.Label">
<site>2</site>
<labelBounds x="742" y="1080" width="38" height="30"/>
<noBackgroundColor>true</noBackgroundColor>
<noForegroundColor>true</noForegroundColor>
</targetLabel>
<points>
<point x="358" y="1077"/>
<point x="786" y="1077"/>
</points>
</Connector>
<Connector class="oracle.dbtools.crest.swingui.logical.TVRelation" oid="49A257E9-290A-4E55-2559-6C84C2D08794" otype="Relation" vid_source="D153C6DA-25D0-010E-FFE0-FFC77B68752B" vid_target="AA1EC2C4-28B2-4560-C82D-CC2DB5B0BC25">
<hideElementsInCurrentOnly>false</hideElementsInCurrentOnly>
<backgroundColor>-16777216</backgroundColor>
<lineWidth>1</lineWidth>
<sourceLabel class="oracle.dbtools.crest.model.design.Label">
<site>0</site>
<labelBounds x="1146" y="683" width="63" height="30"/>
<noBackgroundColor>true</noBackgroundColor>
<noForegroundColor>true</noForegroundColor>
</sourceLabel>
<targetLabel class="oracle.dbtools.crest.model.design.Label">
<site>2</site>
<labelBounds x="1146" y="645" width="66" height="33"/>
<noBackgroundColor>true</noBackgroundColor>
<noForegroundColor>true</noForegroundColor>
<targetAboveTheLine>true</targetAboveTheLine>
</targetLabel>
<points>
<point x="1146" y="727"/>
<point x="1146" y="601"/>
</points>
</Connector>
<Connector class="oracle.dbtools.crest.swingui.logical.TVRelation" oid="4DF94547-1473-E4A5-792D-3B1B64EA5BA5" otype="Relation" vid_source="9A098418-1EB1-CF77-43B7-E4627CB83ED9" vid_target="57B3E1FF-20B7-006C-7F0B-97F1F8ED5623">
<hideElementsInCurrentOnly>false</hideElementsInCurrentOnly>
<backgroundColor>-16777216</backgroundColor>
<lineWidth>1</lineWidth>
<sourceLabel class="oracle.dbtools.crest.model.design.Label">
<site>0</site>
<labelBounds x="252" y="590" width="32" height="30"/>
<noBackgroundColor>true</noBackgroundColor>
<noForegroundColor>true</noForegroundColor>
</sourceLabel>
<targetLabel class="oracle.dbtools.crest.model.design.Label">
<site>2</site>
<labelBounds x="252" y="945" width="35" height="11"/>
<noBackgroundColor>true</noBackgroundColor>
<noForegroundColor>true</noForegroundColor>
</targetLabel>
<points>
<point x="252" y="538"/>
<point x="252" y="970"/>
</points>
</Connector>
<Connector class="oracle.dbtools.crest.swingui.logical.TVRelation" oid="7239A68E-848A-33C8-5BDA-F939EB94368F" otype="Relation" vid_source="57B3E1FF-20B7-006C-7F0B-97F1F8ED5623" vid_target="F0326D7A-19C4-225D-A60A-6B73E01D1548">
<hideElementsInCurrentOnly>false</hideElementsInCurrentOnly>
<backgroundColor>-16777216</backgroundColor>
<lineWidth>1</lineWidth>
<sourceLabel class="oracle.dbtools.crest.model.design.Label">
<site>0</site>
<labelBounds x="368" y="1010" width="41" height="30"/>
<noBackgroundColor>true</noBackgroundColor>
<noForegroundColor>true</noForegroundColor>
</sourceLabel>
<targetLabel class="oracle.dbtools.crest.model.design.Label">
<site>2</site>
<labelBounds x="654" y="850" width="45" height="30"/>
<noBackgroundColor>true</noBackgroundColor>
<noForegroundColor>true</noForegroundColor>
</targetLabel>
<points>
<point x="358" y="1010"/>
<point x="705" y="850"/>
</points>
</Connector>
<Connector class="oracle.dbtools.crest.swingui.logical.TVRelation" oid="73B5A4E1-1C16-7600-57E0-B789A0FEFF22" otype="Relation" vid_source="9A098418-1EB1-CF77-43B7-E4627CB83ED9" vid_target="CA0FAB22-65C8-209A-7268-1EE367BB70EF">
<hideElementsInCurrentOnly>false</hideElementsInCurrentOnly>
<backgroundColor>-16777216</backgroundColor>
<lineWidth>1</lineWidth>
<sourceLabel class="oracle.dbtools.crest.model.design.Label">
<site>0</site>
<labelBounds x="336" y="516" width="82" height="30"/>
<noBackgroundColor>true</noBackgroundColor>
<noForegroundColor>true</noForegroundColor>
</sourceLabel>
<targetLabel class="oracle.dbtools.crest.model.design.Label">
<site>2</site>
<labelBounds x="536" y="591" width="56" height="30"/>
<noBackgroundColor>true</noBackgroundColor>
<noForegroundColor>true</noForegroundColor>
</targetLabel>
<points>
<point x="326" y="516"/>
<point x="536" y="627"/>
</points>
</Connector>
<Connector class="oracle.dbtools.crest.swingui.logical.TVInheritanceRelation" oid="7F3D95D1-E13C-0ABC-0B41-F32EAAA47071" otype="Hierarchy relation" vid_source="539DA691-6216-A989-CBB1-B8F55EA37C5B" vid_target="CA0FAB22-65C8-209A-7268-1EE367BB70EF">
<hideElementsInCurrentOnly>false</hideElementsInCurrentOnly>
<backgroundColor>-65536</backgroundColor>
<lineWidth>1</lineWidth>
</Connector>
<Connector class="oracle.dbtools.crest.swingui.logical.TVRelation" oid="832DAB03-CB4D-5F55-2D27-2B8C1CF9E37D" otype="Relation" vid_source="CA0FAB22-65C8-209A-7268-1EE367BB70EF" vid_target="57B3E1FF-20B7-006C-7F0B-97F1F8ED5623">
<hideElementsInCurrentOnly>false</hideElementsInCurrentOnly>
<backgroundColor>-16777216</backgroundColor>
<lineWidth>1</lineWidth>
<sourceLabel class="oracle.dbtools.crest.model.design.Label">
<site>0</site>
<labelBounds x="580" y="753" width="58" height="30"/>
<noBackgroundColor>true</noBackgroundColor>
<noForegroundColor>true</noForegroundColor>
</sourceLabel>
<targetLabel class="oracle.dbtools.crest.model.design.Label">
<site>2</site>
<labelBounds x="344" y="932" width="83" height="32"/>
<noBackgroundColor>true</noBackgroundColor>
<noForegroundColor>true</noForegroundColor>
</targetLabel>
<points>
<point x="580" y="717"/>
<point x="344" y="970"/>
</points>
</Connector>
<Connector class="oracle.dbtools.crest.swingui.logical.TVInheritanceRelation" oid="8F6117FE-7EEE-75FC-B030-505F48AD2AE4" otype="Hierarchy relation" vid_source="539DA691-6216-A989-CBB1-B8F55EA37C5B" vid_target="C1AA2D88-131D-CDF1-D5D9-02DFE02E26FC">
<hideElementsInCurrentOnly>false</hideElementsInCurrentOnly>
<backgroundColor>-65536</backgroundColor>
<lineWidth>1</lineWidth>
</Connector>
<Connector class="oracle.dbtools.crest.swingui.logical.TVRelation" oid="9260FCF9-39ED-C2EC-0D9A-5B7DF8740F44" otype="Relation" vid_source="C1AA2D88-131D-CDF1-D5D9-02DFE02E26FC" vid_target="CA0FAB22-65C8-209A-7268-1EE367BB70EF">
<hideElementsInCurrentOnly>false</hideElementsInCurrentOnly>
<backgroundColor>-16777216</backgroundColor>
<lineWidth>1</lineWidth>
<sourceLabel class="oracle.dbtools.crest.model.design.Label">
<site>0</site>
<labelBounds x="675" y="528" width="61" height="20"/>
<noBackgroundColor>true</noBackgroundColor>
<noForegroundColor>true</noForegroundColor>
</sourceLabel>
<targetLabel class="oracle.dbtools.crest.model.design.Label">
<site>2</site>
<labelBounds x="675" y="585" width="87" height="20"/>
<noBackgroundColor>true</noBackgroundColor>
<noForegroundColor>true</noForegroundColor>
</targetLabel>
<points>
<point x="675" y="502"/>
<point x="675" y="627"/>
</points>
</Connector>
<Connector class="oracle.dbtools.crest.swingui.logical.TVRelation" oid="A738CF39-BAEB-31A8-1C61-0A66F09CCB85" otype="Relation" vid_source="A6AE270B-0232-2C11-2B66-44824CE952C6" vid_target="DB0BDB5F-9A2A-8B91-36B2-EBE9B675A5B1">
<hideElementsInCurrentOnly>false</hideElementsInCurrentOnly>
<backgroundColor>-16777216</backgroundColor>
<lineWidth>1</lineWidth>
<sourceLabel class="oracle.dbtools.crest.model.design.Label">
<site>0</site>
<labelBounds x="941" y="155" width="69" height="30"/>
<noBackgroundColor>true</noBackgroundColor>
<noForegroundColor>true</noForegroundColor>
</sourceLabel>
<targetLabel class="oracle.dbtools.crest.model.design.Label">
<site>2</site>
<labelBounds x="714" y="188" width="65" height="29"/>
<noBackgroundColor>true</noBackgroundColor>
<noForegroundColor>true</noForegroundColor>
</targetLabel>
<points>
<point x="1016" y="185"/>
<point x="704" y="185"/>
</points>
</Connector>
<Connector class="oracle.dbtools.crest.swingui.logical.TVRelation" oid="AEAD4048-CE9D-AF28-E85F-BAB03492CBC8" otype="Relation" vid_source="D153C6DA-25D0-010E-FFE0-FFC77B68752B" vid_target="39549980-6B18-B860-7D6F-04F5CB51D736">
<hideElementsInCurrentOnly>false</hideElementsInCurrentOnly>
<backgroundColor>-16777216</backgroundColor>
<lineWidth>1</lineWidth>
<sourceLabel class="oracle.dbtools.crest.model.design.Label">
<site>0</site>
<labelBounds x="1094" y="881" width="58" height="20"/>
<noBackgroundColor>true</noBackgroundColor>
<noForegroundColor>true</noForegroundColor>
</sourceLabel>
<targetLabel class="oracle.dbtools.crest.model.design.Label">
<site>2</site>
<labelBounds x="938" y="995" width="64" height="20"/>
<noBackgroundColor>true</noBackgroundColor>
<noForegroundColor>true</noForegroundColor>
<targetAboveTheLine>true</targetAboveTheLine>
</targetLabel>
<points>
<point x="1094" y="855"/>
<point x="938" y="1021"/>
</points>
</Connector>
<Connector class="oracle.dbtools.crest.swingui.logical.TVRelation" oid="D44ECD50-1227-3840-2615-EAEB7F3ABB54" otype="Relation" vid_source="C1AA2D88-131D-CDF1-D5D9-02DFE02E26FC" vid_target="9A098418-1EB1-CF77-43B7-E4627CB83ED9">
<hideElementsInCurrentOnly>false</hideElementsInCurrentOnly>
<backgroundColor>-16777216</backgroundColor>
<lineWidth>1</lineWidth>
<sourceLabel class="oracle.dbtools.crest.model.design.Label">
<site>0</site>
<labelBounds x="561" y="445" width="69" height="23"/>
<noBackgroundColor>true</noBackgroundColor>
<noForegroundColor>true</noForegroundColor>
</sourceLabel>
<targetLabel class="oracle.dbtools.crest.model.design.Label">
<site>2</site>
<labelBounds x="336" y="471" width="83" height="44"/>
<noBackgroundColor>true</noBackgroundColor>
<noForegroundColor>true</noForegroundColor>
</targetLabel>
<points>
<point x="636" y="468"/>
<point x="326" y="468"/>
</points>
</Connector>
<Connector class="oracle.dbtools.crest.swingui.logical.TVRelation" oid="F8D1D20A-2661-8959-B098-DCD71334774F" otype="Relation" vid_source="9A098418-1EB1-CF77-43B7-E4627CB83ED9" vid_target="DB0BDB5F-9A2A-8B91-36B2-EBE9B675A5B1">
<hideElementsInCurrentOnly>false</hideElementsInCurrentOnly>
<backgroundColor>-16777216</backgroundColor>
<lineWidth>1</lineWidth>
<sourceLabel class="oracle.dbtools.crest.model.design.Label">
<site>0</site>
<labelBounds x="309" y="342" width="76" height="30"/>
<noBackgroundColor>true</noBackgroundColor>
<noForegroundColor>true</noForegroundColor>
</sourceLabel>
<targetLabel class="oracle.dbtools.crest.model.design.Label">
<site>2</site>
<labelBounds x="496" y="257" width="80" height="30"/>
<noBackgroundColor>true</noBackgroundColor>
<noForegroundColor>true</noForegroundColor>
</targetLabel>
<points>
<point x="309" y="378"/>
<point x="496" y="221"/>
</points>
</Connector>
</connectors>
</Diagram>
