<?xml version = '1.0' encoding = 'UTF-8'?>
<UserOraclev10g class="oracle.dbtools.crest.model.design.storage.oracle.v10g.UserOraclev10g" name="WRZECOND" directorySegmentName="seg_0" id="45B0D6DB-A1BD-EA2F-0CF5-CB42AE7D0BAA">
<sourceConnName>DEFAULT</sourceConnName>
<sourceObjName>WRZECOND</sourceObjName>
<createdBy>kvetinac97</createdBy>
<createdTime>2020-03-02 16:59:18 UTC</createdTime>
<ownerDesignName>semestralka</ownerDesignName>
<schemaObject>EE873A43-7278-12DD-02F7-DCBD928AD899</schemaObject>
</UserOraclev10g>
