<?xml version = '1.0' encoding = 'UTF-8'?>
<Relation class="oracle.dbtools.crest.model.design.logical.InheritanceRelation" name="Hierarchy_3" directorySegmentName="seg_0" id="23D4D133-BFD3-01C0-DC21-70937F1C48E9">
<createdBy>wrzecond</createdBy>
<createdTime>2020-03-05 12:22:52 UTC</createdTime>
<ownerDesignName>semestralka</ownerDesignName>
<engineerTo>
<item key="D3C320CA-D814-B351-BA56-E0D1099B25D8" value="true"/>
</engineerTo>
<identifying>false</identifying>
<nameOnSource>Super Type</nameOnSource>
<nameOnTarget>Sub Type</nameOnTarget>
<optionalSource>true</optionalSource>
<optionalTarget>true</optionalTarget>
<sourceEntity>4950F180-26DD-AB36-A188-7FEA694A4C1C</sourceEntity>
<targetEntity>DFB5CEBD-F146-574F-2EAB-0A357E2EBEB6</targetEntity>
<transferable>true</transferable>
<deleteRule>NO ACTION</deleteRule>
</Relation>
