<?xml version = '1.0' encoding = 'UTF-8'?>
<Relation class="oracle.dbtools.crest.model.design.logical.InheritanceRelation" name="Hierarchy_2" directorySegmentName="seg_0" id="7F3D95D1-E13C-0ABC-0B41-F32EAAA47071">
<createdBy>wrzecond</createdBy>
<createdTime>2020-03-05 12:22:41 UTC</createdTime>
<ownerDesignName>semestralka</ownerDesignName>
<engineerTo>
<item key="D3C320CA-D814-B351-BA56-E0D1099B25D8" value="true"/>
</engineerTo>
<identifying>false</identifying>
<nameOnSource>Super Type</nameOnSource>
<nameOnTarget>Sub Type</nameOnTarget>
<optionalSource>true</optionalSource>
<optionalTarget>true</optionalTarget>
<sourceEntity>4950F180-26DD-AB36-A188-7FEA694A4C1C</sourceEntity>
<targetEntity>8713D4F5-3AA9-D729-738A-D201A4C112DB</targetEntity>
<transferable>true</transferable>
<deleteRule>NO ACTION</deleteRule>
</Relation>
