<?xml version = '1.0' encoding = 'UTF-8'?>
<Relation class="oracle.dbtools.crest.model.design.logical.InheritanceRelation" name="Hierarchy_1" directorySegmentName="seg_0" id="8F6117FE-7EEE-75FC-B030-505F48AD2AE4">
<createdBy>wrzecond</createdBy>
<createdTime>2020-03-05 12:22:12 UTC</createdTime>
<ownerDesignName>semestralka</ownerDesignName>
<engineerTo>
<item key="D3C320CA-D814-B351-BA56-E0D1099B25D8" value="true"/>
</engineerTo>
<identifying>false</identifying>
<nameOnSource>Super Type</nameOnSource>
<nameOnTarget>Sub Type</nameOnTarget>
<optionalSource>true</optionalSource>
<optionalTarget>true</optionalTarget>
<sourceEntity>4950F180-26DD-AB36-A188-7FEA694A4C1C</sourceEntity>
<targetEntity>B03C36A9-F25D-BC1E-0F6C-B69B6E4BDDDB</targetEntity>
<transferable>true</transferable>
<deleteRule>NO ACTION</deleteRule>
</Relation>
