<?xml version = '1.0' encoding = 'UTF-8'?>
<Table class="oracle.dbtools.crest.model.design.relational.Table" directorySegmentName="seg_0" id="6B868E0A-0C62-9E03-20C7-99F43EC4CB24" name="INGREDIENT_COUNT">
<sourceConnName>DEFAULT</sourceConnName>
<sourceObjSchema>WRZECOND</sourceObjSchema>
<sourceObjName>INGREDIENT_COUNT</sourceObjName>
<createdBy>kvetinac97</createdBy>
<createdTime>2020-03-02 16:59:18 UTC</createdTime>
<ownerDesignName>semestralka</ownerDesignName>
<allowColumnReorder>false</allowColumnReorder>
<existDependencyGenerateInDDl>true</existDependencyGenerateInDDl>
<parsed>true</parsed>
<columns itemClass="oracle.dbtools.crest.model.design.relational.Column">
<Column name="INGREDIENT_COUNT" id="BD9CE547-3337-77DC-EBF1-17D2FCCCC39D">
<sourceConnName>DEFAULT</sourceConnName>
<sourceObjSchema>INGREDIENT_COUNT</sourceObjSchema>
<sourceObjName>INGREDIENT_COUNT</sourceObjName>
<createdBy>kvetinac97</createdBy>
<createdTime>2020-03-02 16:59:19 UTC</createdTime>
<ownerDesignName>semestralka</ownerDesignName>
<useDomainConstraints>false</useDomainConstraints>
<use>1</use>
<logicalDatatype>LOGDT019</logicalDatatype>
<ownDataTypeParameters>,,</ownDataTypeParameters>
<autoIncrementCycle>false</autoIncrementCycle>
</Column>
<Column name="INGREDIENT_ID" id="D333D5AD-ECBD-5481-C962-F4D7B295867A">
<sourceConnName>DEFAULT</sourceConnName>
<sourceObjSchema>INGREDIENT_COUNT</sourceObjSchema>
<sourceObjName>INGREDIENT_ID</sourceObjName>
<createdBy>kvetinac97</createdBy>
<createdTime>2020-03-02 16:59:19 UTC</createdTime>
<ownerDesignName>semestralka</ownerDesignName>
<useDomainConstraints>false</useDomainConstraints>
<use>1</use>
<logicalDatatype>LOGDT019</logicalDatatype>
<ownDataTypeParameters>,,</ownDataTypeParameters>
<autoIncrementCycle>false</autoIncrementCycle>
<associations>
<colAssociation fkAssociation="CAA0F6F7-8A24-DA04-20AF-8245155EE39E" referredColumn="14B83959-9F36-2C4F-35DC-9E79F2B5172D"/>
</associations>
</Column>
<Column name="RESTAURANT_ID" id="167BEB1F-F0C5-BA49-D8AD-A929B37A549D">
<sourceConnName>DEFAULT</sourceConnName>
<sourceObjSchema>INGREDIENT_COUNT</sourceObjSchema>
<sourceObjName>RESTAURANT_ID</sourceObjName>
<createdBy>kvetinac97</createdBy>
<createdTime>2020-03-02 16:59:19 UTC</createdTime>
<ownerDesignName>semestralka</ownerDesignName>
<useDomainConstraints>false</useDomainConstraints>
<use>1</use>
<logicalDatatype>LOGDT019</logicalDatatype>
<ownDataTypeParameters>,,</ownDataTypeParameters>
<autoIncrementCycle>false</autoIncrementCycle>
<associations>
<colAssociation fkAssociation="F77F01DE-5203-FD58-4038-BA890E9821E7" referredColumn="792A357A-4D6B-A06A-FA98-FE79356849B4"/>
</associations>
</Column>
</columns>
<indexes itemClass="oracle.dbtools.crest.model.design.relational.Index">
<ind_PK_UK id="C2C955AE-680D-1FC3-05D1-CD43EC6BD1B2" name="INGREDIENT_COUNT_PK">
<sourceConnName>DEFAULT</sourceConnName>
<sourceObjSchema>WRZECOND</sourceObjSchema>
<sourceObjName>INGREDIENT_COUNT_PK</sourceObjName>
<createdBy>kvetinac97</createdBy>
<createdTime>2020-03-02 16:59:22 UTC</createdTime>
<ownerDesignName>semestralka</ownerDesignName>
<pk>true</pk>
<indexState>Primary Constraint</indexState>
<isSurrogateKey>false</isSurrogateKey>
<indexColumnUsage>
<colUsage columnID="D333D5AD-ECBD-5481-C962-F4D7B295867A"/>
<colUsage columnID="167BEB1F-F0C5-BA49-D8AD-A929B37A549D"/>
</indexColumnUsage>
</ind_PK_UK>
<ind_PK_UK id="B2C0021B-7B86-59DD-A14F-C49A932A67F1" schemaObject="EE873A43-7278-12DD-02F7-DCBD928AD899" name="INGREDIENT_COUNT_PK">
<sourceConnName>DEFAULT</sourceConnName>
<sourceObjSchema>WRZECOND</sourceObjSchema>
<sourceObjName>INGREDIENT_COUNT_PK</sourceObjName>
<createdBy>kvetinac97</createdBy>
<createdTime>2020-03-02 16:59:19 UTC</createdTime>
<ownerDesignName>semestralka</ownerDesignName>
<indexState>Unique Plain Index</indexState>
<isSurrogateKey>false</isSurrogateKey>
<indexColumnUsage>
<colUsage columnID="D333D5AD-ECBD-5481-C962-F4D7B295867A"/>
<colUsage columnID="167BEB1F-F0C5-BA49-D8AD-A929B37A549D"/>
</indexColumnUsage>
</ind_PK_UK>
<ind_PK_UK id="A3CFE230-D3F5-71AB-FA9B-EF83AFAB6464" name="INGREDIENT_COUNT_FK1">
<createdBy>kvetinac97</createdBy>
<createdTime>2020-03-02 16:59:23 UTC</createdTime>
<ownerDesignName>semestralka</ownerDesignName>
<indexState>Foreign Key</indexState>
<isSurrogateKey>false</isSurrogateKey>
<indexColumnUsage>
<colUsage columnID="D333D5AD-ECBD-5481-C962-F4D7B295867A"/>
</indexColumnUsage>
</ind_PK_UK>
<ind_PK_UK id="754A5C66-0214-E826-DBA4-C10BF320584E" name="INGREDIENT_COUNT_FK2">
<createdBy>kvetinac97</createdBy>
<createdTime>2020-03-02 16:59:23 UTC</createdTime>
<ownerDesignName>semestralka</ownerDesignName>
<indexState>Foreign Key</indexState>
<isSurrogateKey>false</isSurrogateKey>
<indexColumnUsage>
<colUsage columnID="167BEB1F-F0C5-BA49-D8AD-A929B37A549D"/>
</indexColumnUsage>
</ind_PK_UK>
</indexes>
</Table>
