<?xml version = '1.0' encoding = 'UTF-8'?>
<Table class="oracle.dbtools.crest.model.design.relational.Table" directorySegmentName="seg_0" id="90B59A3A-7ED9-EF18-C166-2A5356B409B2" name="INGREDIENT">
<sourceConnName>DEFAULT</sourceConnName>
<sourceObjSchema>WRZECOND</sourceObjSchema>
<sourceObjName>INGREDIENT</sourceObjName>
<createdBy>kvetinac97</createdBy>
<createdTime>2020-03-02 16:59:18 UTC</createdTime>
<ownerDesignName>semestralka</ownerDesignName>
<allowColumnReorder>false</allowColumnReorder>
<existDependencyGenerateInDDl>true</existDependencyGenerateInDDl>
<parsed>true</parsed>
<columns itemClass="oracle.dbtools.crest.model.design.relational.Column">
<Column name="ID" id="14B83959-9F36-2C4F-35DC-9E79F2B5172D">
<sourceConnName>DEFAULT</sourceConnName>
<sourceObjSchema>INGREDIENT</sourceObjSchema>
<sourceObjName>ID</sourceObjName>
<createdBy>kvetinac97</createdBy>
<createdTime>2020-03-02 16:59:19 UTC</createdTime>
<ownerDesignName>semestralka</ownerDesignName>
<useDomainConstraints>false</useDomainConstraints>
<use>1</use>
<logicalDatatype>LOGDT019</logicalDatatype>
<ownDataTypeParameters>,,</ownDataTypeParameters>
<autoIncrementCycle>false</autoIncrementCycle>
</Column>
<Column name="NAME" id="AB3C40FC-C998-835B-0C8F-BC0F3E0611C2">
<sourceConnName>DEFAULT</sourceConnName>
<sourceObjSchema>INGREDIENT</sourceObjSchema>
<sourceObjName>NAME</sourceObjName>
<createdBy>kvetinac97</createdBy>
<createdTime>2020-03-02 16:59:19 UTC</createdTime>
<ownerDesignName>semestralka</ownerDesignName>
<useDomainConstraints>false</useDomainConstraints>
<use>1</use>
<logicalDatatype>LOGDT024</logicalDatatype>
<dataTypeSize>64 BYTE</dataTypeSize>
<ownDataTypeParameters>64 BYTE,,</ownDataTypeParameters>
<autoIncrementCycle>false</autoIncrementCycle>
</Column>
<Column name="FAT" id="F853DDDE-185A-B27F-9C4A-F567D760DF6C">
<sourceConnName>DEFAULT</sourceConnName>
<sourceObjSchema>INGREDIENT</sourceObjSchema>
<sourceObjName>FAT</sourceObjName>
<createdBy>kvetinac97</createdBy>
<createdTime>2020-03-02 16:59:19 UTC</createdTime>
<ownerDesignName>semestralka</ownerDesignName>
<useDomainConstraints>false</useDomainConstraints>
<use>1</use>
<logicalDatatype>LOGDT019</logicalDatatype>
<ownDataTypeParameters>,,</ownDataTypeParameters>
<autoIncrementCycle>false</autoIncrementCycle>
</Column>
<Column name="FIBER" id="5C8C73B5-FC53-AF2A-B021-F293EB041AF6">
<sourceConnName>DEFAULT</sourceConnName>
<sourceObjSchema>INGREDIENT</sourceObjSchema>
<sourceObjName>FIBER</sourceObjName>
<createdBy>kvetinac97</createdBy>
<createdTime>2020-03-02 16:59:19 UTC</createdTime>
<ownerDesignName>semestralka</ownerDesignName>
<useDomainConstraints>false</useDomainConstraints>
<use>1</use>
<logicalDatatype>LOGDT019</logicalDatatype>
<ownDataTypeParameters>,,</ownDataTypeParameters>
<autoIncrementCycle>false</autoIncrementCycle>
</Column>
<Column name="PROTEIN" id="544F3D00-C196-DC88-5A4B-2358F5229863">
<sourceConnName>DEFAULT</sourceConnName>
<sourceObjSchema>INGREDIENT</sourceObjSchema>
<sourceObjName>PROTEIN</sourceObjName>
<createdBy>kvetinac97</createdBy>
<createdTime>2020-03-02 16:59:19 UTC</createdTime>
<ownerDesignName>semestralka</ownerDesignName>
<useDomainConstraints>false</useDomainConstraints>
<use>1</use>
<logicalDatatype>LOGDT019</logicalDatatype>
<ownDataTypeParameters>,,</ownDataTypeParameters>
<autoIncrementCycle>false</autoIncrementCycle>
</Column>
<Column name="SUGAR" id="3CD82CBA-CF23-8967-3E7E-9E0348CCF6C0">
<sourceConnName>DEFAULT</sourceConnName>
<sourceObjSchema>INGREDIENT</sourceObjSchema>
<sourceObjName>SUGAR</sourceObjName>
<createdBy>kvetinac97</createdBy>
<createdTime>2020-03-02 16:59:19 UTC</createdTime>
<ownerDesignName>semestralka</ownerDesignName>
<useDomainConstraints>false</useDomainConstraints>
<use>1</use>
<logicalDatatype>LOGDT019</logicalDatatype>
<ownDataTypeParameters>,,</ownDataTypeParameters>
<autoIncrementCycle>false</autoIncrementCycle>
</Column>
</columns>
<indexes itemClass="oracle.dbtools.crest.model.design.relational.Index">
<ind_PK_UK id="2D06305F-6CE1-4600-F53D-D60249B4DFB1" name="INGREDIENT_PK">
<sourceConnName>DEFAULT</sourceConnName>
<sourceObjSchema>WRZECOND</sourceObjSchema>
<sourceObjName>INGREDIENT_PK</sourceObjName>
<createdBy>kvetinac97</createdBy>
<createdTime>2020-03-02 16:59:22 UTC</createdTime>
<ownerDesignName>semestralka</ownerDesignName>
<pk>true</pk>
<indexState>Primary Constraint</indexState>
<isSurrogateKey>false</isSurrogateKey>
<indexColumnUsage>
<colUsage columnID="14B83959-9F36-2C4F-35DC-9E79F2B5172D"/>
</indexColumnUsage>
</ind_PK_UK>
<ind_PK_UK id="C20568EE-BE5C-46CF-3889-4D5EB88585A0" name="INGREDIENT_UK1">
<sourceConnName>DEFAULT</sourceConnName>
<sourceObjSchema>WRZECOND</sourceObjSchema>
<sourceObjName>INGREDIENT_UK1</sourceObjName>
<createdBy>kvetinac97</createdBy>
<createdTime>2020-03-02 16:59:22 UTC</createdTime>
<ownerDesignName>semestralka</ownerDesignName>
<indexState>Unique Constraint</indexState>
<isSurrogateKey>false</isSurrogateKey>
<indexColumnUsage>
<colUsage columnID="AB3C40FC-C998-835B-0C8F-BC0F3E0611C2"/>
</indexColumnUsage>
</ind_PK_UK>
<ind_PK_UK id="A6909CF5-AEF2-5711-A9D3-535A5A20AFC0" schemaObject="EE873A43-7278-12DD-02F7-DCBD928AD899" name="INGREDIENT_PK">
<sourceConnName>DEFAULT</sourceConnName>
<sourceObjSchema>WRZECOND</sourceObjSchema>
<sourceObjName>INGREDIENT_PK</sourceObjName>
<createdBy>kvetinac97</createdBy>
<createdTime>2020-03-02 16:59:19 UTC</createdTime>
<ownerDesignName>semestralka</ownerDesignName>
<indexState>Unique Plain Index</indexState>
<isSurrogateKey>false</isSurrogateKey>
<indexColumnUsage>
<colUsage columnID="14B83959-9F36-2C4F-35DC-9E79F2B5172D"/>
</indexColumnUsage>
</ind_PK_UK>
<ind_PK_UK id="B9B8F130-0368-F8B9-E5CF-CEEEFCCAE807" schemaObject="EE873A43-7278-12DD-02F7-DCBD928AD899" name="INGREDIENT_UK1">
<sourceConnName>DEFAULT</sourceConnName>
<sourceObjSchema>WRZECOND</sourceObjSchema>
<sourceObjName>INGREDIENT_UK1</sourceObjName>
<createdBy>kvetinac97</createdBy>
<createdTime>2020-03-02 16:59:19 UTC</createdTime>
<ownerDesignName>semestralka</ownerDesignName>
<indexState>Unique Plain Index</indexState>
<isSurrogateKey>false</isSurrogateKey>
<indexColumnUsage>
<colUsage columnID="AB3C40FC-C998-835B-0C8F-BC0F3E0611C2"/>
</indexColumnUsage>
</ind_PK_UK>
</indexes>
</Table>
