<?xml version = '1.0' encoding = 'UTF-8'?>
<Table class="oracle.dbtools.crest.model.design.relational.Table" directorySegmentName="seg_0" id="AE2DDA42-9CEC-65DE-DA63-03594FE53709" name="TTABLE">
<sourceConnName>DEFAULT</sourceConnName>
<sourceObjSchema>WRZECOND</sourceObjSchema>
<sourceObjName>TTABLE</sourceObjName>
<createdBy>kvetinac97</createdBy>
<createdTime>2020-03-02 16:59:18 UTC</createdTime>
<ownerDesignName>semestralka</ownerDesignName>
<allowColumnReorder>false</allowColumnReorder>
<existDependencyGenerateInDDl>true</existDependencyGenerateInDDl>
<parsed>true</parsed>
<columns itemClass="oracle.dbtools.crest.model.design.relational.Column">
<Column name="ID" id="907776B5-39BC-FB8C-26AE-D6115DA61FD4">
<sourceConnName>DEFAULT</sourceConnName>
<sourceObjSchema>TTABLE</sourceObjSchema>
<sourceObjName>ID</sourceObjName>
<createdBy>kvetinac97</createdBy>
<createdTime>2020-03-02 16:59:19 UTC</createdTime>
<ownerDesignName>semestralka</ownerDesignName>
<useDomainConstraints>false</useDomainConstraints>
<use>1</use>
<logicalDatatype>LOGDT019</logicalDatatype>
<ownDataTypeParameters>,,</ownDataTypeParameters>
<autoIncrementCycle>false</autoIncrementCycle>
</Column>
<Column name="CAPACITY" id="507BF6ED-63A5-63E0-2850-8E34F778FF07">
<sourceConnName>DEFAULT</sourceConnName>
<sourceObjSchema>TTABLE</sourceObjSchema>
<sourceObjName>CAPACITY</sourceObjName>
<createdBy>kvetinac97</createdBy>
<createdTime>2020-03-02 16:59:19 UTC</createdTime>
<ownerDesignName>semestralka</ownerDesignName>
<useDomainConstraints>false</useDomainConstraints>
<use>1</use>
<logicalDatatype>LOGDT019</logicalDatatype>
<ownDataTypeParameters>,,</ownDataTypeParameters>
<autoIncrementCycle>false</autoIncrementCycle>
</Column>
<Column name="TYPE" id="844DDE0B-A50E-8482-68B2-6CA06CDAF705">
<sourceConnName>DEFAULT</sourceConnName>
<sourceObjSchema>TTABLE</sourceObjSchema>
<sourceObjName>TYPE</sourceObjName>
<createdBy>kvetinac97</createdBy>
<createdTime>2020-03-02 16:59:19 UTC</createdTime>
<ownerDesignName>semestralka</ownerDesignName>
<useDomainConstraints>false</useDomainConstraints>
<use>1</use>
<logicalDatatype>LOGDT019</logicalDatatype>
<ownDataTypeParameters>,,</ownDataTypeParameters>
<autoIncrementCycle>false</autoIncrementCycle>
</Column>
<Column name="RESTAURANT_ID" id="6F8EF562-8CF1-B407-B18C-F21772535916">
<sourceConnName>DEFAULT</sourceConnName>
<sourceObjSchema>TTABLE</sourceObjSchema>
<sourceObjName>RESTAURANT_ID</sourceObjName>
<createdBy>kvetinac97</createdBy>
<createdTime>2020-03-02 16:59:19 UTC</createdTime>
<ownerDesignName>semestralka</ownerDesignName>
<useDomainConstraints>false</useDomainConstraints>
<use>1</use>
<logicalDatatype>LOGDT019</logicalDatatype>
<ownDataTypeParameters>,,</ownDataTypeParameters>
<autoIncrementCycle>false</autoIncrementCycle>
<associations>
<colAssociation fkAssociation="FBED1AD0-6E5A-0671-4915-7F9F804AAB82" referredColumn="792A357A-4D6B-A06A-FA98-FE79356849B4"/>
</associations>
</Column>
<Column name="WAITER_ID" id="58EF7999-4967-8A77-F7B3-29944AD9D4F3">
<sourceConnName>DEFAULT</sourceConnName>
<sourceObjSchema>TTABLE</sourceObjSchema>
<sourceObjName>WAITER_ID</sourceObjName>
<createdBy>kvetinac97</createdBy>
<createdTime>2020-03-02 16:59:19 UTC</createdTime>
<ownerDesignName>semestralka</ownerDesignName>
<useDomainConstraints>false</useDomainConstraints>
<use>1</use>
<logicalDatatype>LOGDT019</logicalDatatype>
<ownDataTypeParameters>,,</ownDataTypeParameters>
<autoIncrementCycle>false</autoIncrementCycle>
<associations>
<colAssociation fkAssociation="46E4E736-B30B-CEDC-E0FD-D731C1D45111" referredColumn="0AF7C65F-DB17-EDAF-3548-DC0C70E030CB"/>
</associations>
</Column>
</columns>
<indexes itemClass="oracle.dbtools.crest.model.design.relational.Index">
<ind_PK_UK id="0F183A7A-5045-965D-660C-1744BF9BF409" name="TTABLE_PK">
<sourceConnName>DEFAULT</sourceConnName>
<sourceObjSchema>WRZECOND</sourceObjSchema>
<sourceObjName>TTABLE_PK</sourceObjName>
<createdBy>kvetinac97</createdBy>
<createdTime>2020-03-02 16:59:22 UTC</createdTime>
<ownerDesignName>semestralka</ownerDesignName>
<pk>true</pk>
<indexState>Primary Constraint</indexState>
<isSurrogateKey>false</isSurrogateKey>
<indexColumnUsage>
<colUsage columnID="907776B5-39BC-FB8C-26AE-D6115DA61FD4"/>
<colUsage columnID="6F8EF562-8CF1-B407-B18C-F21772535916"/>
</indexColumnUsage>
</ind_PK_UK>
<ind_PK_UK id="B7F474A8-33FF-D656-CB8E-30A35207F343" schemaObject="EE873A43-7278-12DD-02F7-DCBD928AD899" name="TTABLE_PK">
<sourceConnName>DEFAULT</sourceConnName>
<sourceObjSchema>WRZECOND</sourceObjSchema>
<sourceObjName>TTABLE_PK</sourceObjName>
<createdBy>kvetinac97</createdBy>
<createdTime>2020-03-02 16:59:19 UTC</createdTime>
<ownerDesignName>semestralka</ownerDesignName>
<indexState>Unique Plain Index</indexState>
<isSurrogateKey>false</isSurrogateKey>
<indexColumnUsage>
<colUsage columnID="907776B5-39BC-FB8C-26AE-D6115DA61FD4"/>
</indexColumnUsage>
</ind_PK_UK>
<ind_PK_UK id="5687ABE4-9579-8001-E6C5-816AB4C7FBB7" name="TTABLE_FK1">
<createdBy>kvetinac97</createdBy>
<createdTime>2020-03-02 16:59:23 UTC</createdTime>
<ownerDesignName>semestralka</ownerDesignName>
<indexState>Foreign Key</indexState>
<isSurrogateKey>false</isSurrogateKey>
<indexColumnUsage>
<colUsage columnID="58EF7999-4967-8A77-F7B3-29944AD9D4F3"/>
</indexColumnUsage>
</ind_PK_UK>
<ind_PK_UK id="9A7C5C90-A23B-E619-364B-249A84B2625B" name="TTABLE_FK2">
<createdBy>kvetinac97</createdBy>
<createdTime>2020-03-02 16:59:23 UTC</createdTime>
<ownerDesignName>semestralka</ownerDesignName>
<indexState>Foreign Key</indexState>
<isSurrogateKey>false</isSurrogateKey>
<indexColumnUsage>
<colUsage columnID="6F8EF562-8CF1-B407-B18C-F21772535916"/>
</indexColumnUsage>
</ind_PK_UK>
</indexes>
</Table>
