<?xml version = '1.0' encoding = 'UTF-8'?>
<Table class="oracle.dbtools.crest.model.design.relational.Table" directorySegmentName="seg_0" id="C072432F-CF74-DFE7-D69C-3C68BE2CA177" name="CUSTOMER">
<sourceConnName>DEFAULT</sourceConnName>
<sourceObjSchema>WRZECOND</sourceObjSchema>
<sourceObjName>CUSTOMER</sourceObjName>
<createdBy>kvetinac97</createdBy>
<createdTime>2020-03-02 16:59:18 UTC</createdTime>
<ownerDesignName>semestralka</ownerDesignName>
<allowColumnReorder>false</allowColumnReorder>
<existDependencyGenerateInDDl>true</existDependencyGenerateInDDl>
<parsed>true</parsed>
<columns itemClass="oracle.dbtools.crest.model.design.relational.Column">
<Column name="ID" id="D3468D9C-2978-0316-A7C0-B54905B37D39">
<sourceConnName>DEFAULT</sourceConnName>
<sourceObjSchema>CUSTOMER</sourceObjSchema>
<sourceObjName>ID</sourceObjName>
<createdBy>kvetinac97</createdBy>
<createdTime>2020-03-02 16:59:18 UTC</createdTime>
<ownerDesignName>semestralka</ownerDesignName>
<useDomainConstraints>false</useDomainConstraints>
<use>1</use>
<logicalDatatype>LOGDT019</logicalDatatype>
<ownDataTypeParameters>,,</ownDataTypeParameters>
<autoIncrementCycle>false</autoIncrementCycle>
</Column>
<Column name="AGE" id="7BA65133-73D3-42F7-93D1-47C59335FA18">
<sourceConnName>DEFAULT</sourceConnName>
<sourceObjSchema>CUSTOMER</sourceObjSchema>
<sourceObjName>AGE</sourceObjName>
<createdBy>kvetinac97</createdBy>
<createdTime>2020-03-02 16:59:18 UTC</createdTime>
<ownerDesignName>semestralka</ownerDesignName>
<useDomainConstraints>false</useDomainConstraints>
<use>1</use>
<logicalDatatype>LOGDT019</logicalDatatype>
<ownDataTypeParameters>,,</ownDataTypeParameters>
<autoIncrementCycle>false</autoIncrementCycle>
</Column>
<Column name="FIRST_NAME" id="00376EDB-47BE-2D6B-0D7B-C8C2AD20FAD7">
<sourceConnName>DEFAULT</sourceConnName>
<sourceObjSchema>CUSTOMER</sourceObjSchema>
<sourceObjName>FIRST_NAME</sourceObjName>
<createdBy>kvetinac97</createdBy>
<createdTime>2020-03-02 16:59:18 UTC</createdTime>
<ownerDesignName>semestralka</ownerDesignName>
<useDomainConstraints>false</useDomainConstraints>
<use>1</use>
<logicalDatatype>LOGDT024</logicalDatatype>
<dataTypeSize>64 BYTE</dataTypeSize>
<ownDataTypeParameters>64 BYTE,,</ownDataTypeParameters>
<autoIncrementCycle>false</autoIncrementCycle>
</Column>
<Column name="LAST_NAME" id="BB5D0565-394C-29F9-65AD-EAB496E00512">
<sourceConnName>DEFAULT</sourceConnName>
<sourceObjSchema>CUSTOMER</sourceObjSchema>
<sourceObjName>LAST_NAME</sourceObjName>
<createdBy>kvetinac97</createdBy>
<createdTime>2020-03-02 16:59:18 UTC</createdTime>
<ownerDesignName>semestralka</ownerDesignName>
<useDomainConstraints>false</useDomainConstraints>
<use>1</use>
<logicalDatatype>LOGDT024</logicalDatatype>
<dataTypeSize>64 BYTE</dataTypeSize>
<ownDataTypeParameters>64 BYTE,,</ownDataTypeParameters>
<autoIncrementCycle>false</autoIncrementCycle>
</Column>
<Column name="TABLE_ID" id="40C5B912-F1AE-A274-31FF-A529E9341FFB">
<sourceConnName>DEFAULT</sourceConnName>
<sourceObjSchema>CUSTOMER</sourceObjSchema>
<sourceObjName>TABLE_ID</sourceObjName>
<createdBy>kvetinac97</createdBy>
<createdTime>2020-03-02 16:59:18 UTC</createdTime>
<ownerDesignName>semestralka</ownerDesignName>
<useDomainConstraints>false</useDomainConstraints>
<use>1</use>
<logicalDatatype>LOGDT019</logicalDatatype>
<ownDataTypeParameters>,,</ownDataTypeParameters>
<autoIncrementCycle>false</autoIncrementCycle>
<associations>
<colAssociation fkAssociation="97140C2E-872B-C510-7099-97BE5CB3E981" referredColumn="907776B5-39BC-FB8C-26AE-D6115DA61FD4"/>
</associations>
</Column>
<Column name="RESTAURANT_ID" id="6B640291-1628-B46D-AC27-F7F0B65C9E3A">
<createdBy>kvetinac97</createdBy>
<createdTime>2020-03-19 11:20:08 UTC</createdTime>
<ownerDesignName>semestralka</ownerDesignName>
<useDomainConstraints>false</useDomainConstraints>
<use>1</use>
<logicalDatatype>LOGDT019</logicalDatatype>
<ownDataTypeParameters>,,</ownDataTypeParameters>
<previousColumn>false</previousColumn>
<autoIncrementCycle>false</autoIncrementCycle>
<associations>
<colAssociation fkAssociation="97140C2E-872B-C510-7099-97BE5CB3E981" referredColumn="6F8EF562-8CF1-B407-B18C-F21772535916"/>
</associations>
</Column>
</columns>
<indexes itemClass="oracle.dbtools.crest.model.design.relational.Index">
<ind_PK_UK id="7DFF343F-41E9-048F-B79A-27DCD96EAADF" name="CUSTOMER_PK">
<sourceConnName>DEFAULT</sourceConnName>
<sourceObjSchema>WRZECOND</sourceObjSchema>
<sourceObjName>CUSTOMER_PK</sourceObjName>
<createdBy>kvetinac97</createdBy>
<createdTime>2020-03-02 16:59:21 UTC</createdTime>
<ownerDesignName>semestralka</ownerDesignName>
<pk>true</pk>
<indexState>Primary Constraint</indexState>
<isSurrogateKey>false</isSurrogateKey>
<indexColumnUsage>
<colUsage columnID="D3468D9C-2978-0316-A7C0-B54905B37D39"/>
</indexColumnUsage>
</ind_PK_UK>
<ind_PK_UK id="E4CD98E9-44ED-B3D8-1AC0-12E725170902" schemaObject="EE873A43-7278-12DD-02F7-DCBD928AD899" name="CUSTOMER_PK">
<sourceConnName>DEFAULT</sourceConnName>
<sourceObjSchema>WRZECOND</sourceObjSchema>
<sourceObjName>CUSTOMER_PK</sourceObjName>
<createdBy>kvetinac97</createdBy>
<createdTime>2020-03-02 16:59:19 UTC</createdTime>
<ownerDesignName>semestralka</ownerDesignName>
<indexState>Unique Plain Index</indexState>
<isSurrogateKey>false</isSurrogateKey>
<indexColumnUsage>
<colUsage columnID="D3468D9C-2978-0316-A7C0-B54905B37D39"/>
</indexColumnUsage>
</ind_PK_UK>
<ind_PK_UK id="A4092D85-C2F1-F982-BFD4-190051AA3405" name="CUSTOMER_FK1">
<createdBy>kvetinac97</createdBy>
<createdTime>2020-03-02 16:59:23 UTC</createdTime>
<ownerDesignName>semestralka</ownerDesignName>
<indexState>Foreign Key</indexState>
<isSurrogateKey>false</isSurrogateKey>
<indexColumnUsage>
<colUsage columnID="40C5B912-F1AE-A274-31FF-A529E9341FFB"/>
<colUsage columnID="6B640291-1628-B46D-AC27-F7F0B65C9E3A"/>
</indexColumnUsage>
</ind_PK_UK>
</indexes>
</Table>
