<?xml version = '1.0' encoding = 'UTF-8'?>
<Table class="oracle.dbtools.crest.model.design.relational.Table" directorySegmentName="seg_0" id="C38BBCBC-D4F4-1B29-E887-E25597BEE550" name="RESTAURANT">
<sourceConnName>DEFAULT</sourceConnName>
<sourceObjSchema>WRZECOND</sourceObjSchema>
<sourceObjName>RESTAURANT</sourceObjName>
<createdBy>kvetinac97</createdBy>
<createdTime>2020-03-02 16:59:18 UTC</createdTime>
<ownerDesignName>semestralka</ownerDesignName>
<allowColumnReorder>false</allowColumnReorder>
<existDependencyGenerateInDDl>true</existDependencyGenerateInDDl>
<parsed>true</parsed>
<columns itemClass="oracle.dbtools.crest.model.design.relational.Column">
<Column name="ID" id="792A357A-4D6B-A06A-FA98-FE79356849B4">
<sourceConnName>DEFAULT</sourceConnName>
<sourceObjSchema>RESTAURANT</sourceObjSchema>
<sourceObjName>ID</sourceObjName>
<createdBy>kvetinac97</createdBy>
<createdTime>2020-03-02 16:59:19 UTC</createdTime>
<ownerDesignName>semestralka</ownerDesignName>
<useDomainConstraints>false</useDomainConstraints>
<use>1</use>
<logicalDatatype>LOGDT019</logicalDatatype>
<ownDataTypeParameters>,,</ownDataTypeParameters>
<autoIncrementCycle>false</autoIncrementCycle>
</Column>
<Column name="NAME" id="B867CBC2-A95E-92B2-36A9-0F85985003FB">
<sourceConnName>DEFAULT</sourceConnName>
<sourceObjSchema>RESTAURANT</sourceObjSchema>
<sourceObjName>NAME</sourceObjName>
<createdBy>kvetinac97</createdBy>
<createdTime>2020-03-02 16:59:19 UTC</createdTime>
<ownerDesignName>semestralka</ownerDesignName>
<useDomainConstraints>false</useDomainConstraints>
<use>1</use>
<logicalDatatype>LOGDT024</logicalDatatype>
<dataTypeSize>64 BYTE</dataTypeSize>
<ownDataTypeParameters>64 BYTE,,</ownDataTypeParameters>
<autoIncrementCycle>false</autoIncrementCycle>
</Column>
<Column name="LOCATION" id="1B93CB14-03C3-BECF-6D81-FAF905B84EB9">
<sourceConnName>DEFAULT</sourceConnName>
<sourceObjSchema>RESTAURANT</sourceObjSchema>
<sourceObjName>LOCATION</sourceObjName>
<createdBy>kvetinac97</createdBy>
<createdTime>2020-03-02 16:59:19 UTC</createdTime>
<ownerDesignName>semestralka</ownerDesignName>
<useDomainConstraints>false</useDomainConstraints>
<use>1</use>
<logicalDatatype>LOGDT024</logicalDatatype>
<dataTypeSize>255 BYTE</dataTypeSize>
<ownDataTypeParameters>255 BYTE,,</ownDataTypeParameters>
<autoIncrementCycle>false</autoIncrementCycle>
</Column>
<Column name="OPEN_FROM" id="31CB05DD-7E4C-ADD8-EAB3-5654A42ADF6F">
<sourceConnName>DEFAULT</sourceConnName>
<sourceObjSchema>RESTAURANT</sourceObjSchema>
<sourceObjName>OPEN_FROM</sourceObjName>
<createdBy>kvetinac97</createdBy>
<createdTime>2020-03-02 16:59:19 UTC</createdTime>
<ownerDesignName>semestralka</ownerDesignName>
<useDomainConstraints>false</useDomainConstraints>
<use>1</use>
<logicalDatatype>LOGDT014</logicalDatatype>
<ownDataTypeParameters>,,</ownDataTypeParameters>
<autoIncrementCycle>false</autoIncrementCycle>
</Column>
<Column name="OPEN_UNTIL" id="9132064C-B54C-C748-816B-0F62F29013BE">
<sourceConnName>DEFAULT</sourceConnName>
<sourceObjSchema>RESTAURANT</sourceObjSchema>
<sourceObjName>OPEN_UNTIL</sourceObjName>
<createdBy>kvetinac97</createdBy>
<createdTime>2020-03-02 16:59:19 UTC</createdTime>
<ownerDesignName>semestralka</ownerDesignName>
<useDomainConstraints>false</useDomainConstraints>
<use>1</use>
<logicalDatatype>LOGDT014</logicalDatatype>
<ownDataTypeParameters>,,</ownDataTypeParameters>
<autoIncrementCycle>false</autoIncrementCycle>
</Column>
<Column name="MANAGER_ID" id="328A3BA7-A821-AF08-B18E-F7325288704C">
<sourceConnName>DEFAULT</sourceConnName>
<sourceObjSchema>RESTAURANT</sourceObjSchema>
<sourceObjName>MANAGER_ID</sourceObjName>
<createdBy>kvetinac97</createdBy>
<createdTime>2020-03-02 16:59:19 UTC</createdTime>
<ownerDesignName>semestralka</ownerDesignName>
<useDomainConstraints>false</useDomainConstraints>
<use>1</use>
<logicalDatatype>LOGDT019</logicalDatatype>
<ownDataTypeParameters>,,</ownDataTypeParameters>
<autoIncrementCycle>false</autoIncrementCycle>
<associations>
<colAssociation fkAssociation="D9C3F639-3EF8-2F42-824C-A83A2B3D8D23" referredColumn="A51B098C-44DD-A05E-EE99-D95B644AFECA"/>
</associations>
</Column>
</columns>
<indexes itemClass="oracle.dbtools.crest.model.design.relational.Index">
<ind_PK_UK id="7BD3E3C2-416A-45E6-4776-2410A8EE97F5" name="RESTAURANT_PK">
<sourceConnName>DEFAULT</sourceConnName>
<sourceObjSchema>WRZECOND</sourceObjSchema>
<sourceObjName>RESTAURANT_PK</sourceObjName>
<createdBy>kvetinac97</createdBy>
<createdTime>2020-03-02 16:59:22 UTC</createdTime>
<ownerDesignName>semestralka</ownerDesignName>
<pk>true</pk>
<indexState>Primary Constraint</indexState>
<isSurrogateKey>false</isSurrogateKey>
<indexColumnUsage>
<colUsage columnID="792A357A-4D6B-A06A-FA98-FE79356849B4"/>
</indexColumnUsage>
</ind_PK_UK>
<ind_PK_UK id="B3231294-8216-7B5B-21C6-B22EE5777C63" schemaObject="EE873A43-7278-12DD-02F7-DCBD928AD899" name="RESTAURANT_PK">
<sourceConnName>DEFAULT</sourceConnName>
<sourceObjSchema>WRZECOND</sourceObjSchema>
<sourceObjName>RESTAURANT_PK</sourceObjName>
<createdBy>kvetinac97</createdBy>
<createdTime>2020-03-02 16:59:19 UTC</createdTime>
<ownerDesignName>semestralka</ownerDesignName>
<indexState>Unique Plain Index</indexState>
<isSurrogateKey>false</isSurrogateKey>
<indexColumnUsage>
<colUsage columnID="792A357A-4D6B-A06A-FA98-FE79356849B4"/>
</indexColumnUsage>
</ind_PK_UK>
<ind_PK_UK id="1D65EA13-2C01-3157-C175-42BFC8B608EA" name="RESTAURANT_FK1">
<createdBy>kvetinac97</createdBy>
<createdTime>2020-03-02 16:59:23 UTC</createdTime>
<ownerDesignName>semestralka</ownerDesignName>
<indexState>Foreign Key</indexState>
<isSurrogateKey>false</isSurrogateKey>
<indexColumnUsage>
<colUsage columnID="328A3BA7-A821-AF08-B18E-F7325288704C"/>
</indexColumnUsage>
</ind_PK_UK>
</indexes>
</Table>
