<?xml version = '1.0' encoding = 'UTF-8'?>
<Table class="oracle.dbtools.crest.model.design.relational.Table" directorySegmentName="seg_0" id="C80287A9-F1E0-0126-FDDC-37924DD060B8" name="FOOD_INGREDIENT">
<sourceConnName>DEFAULT</sourceConnName>
<sourceObjSchema>WRZECOND</sourceObjSchema>
<sourceObjName>FOOD_INGREDIENT</sourceObjName>
<createdBy>kvetinac97</createdBy>
<createdTime>2020-03-02 16:59:18 UTC</createdTime>
<ownerDesignName>semestralka</ownerDesignName>
<allowColumnReorder>false</allowColumnReorder>
<existDependencyGenerateInDDl>true</existDependencyGenerateInDDl>
<parsed>true</parsed>
<columns itemClass="oracle.dbtools.crest.model.design.relational.Column">
<Column name="INGREDIENT_COUNT" id="3B07B37B-6AF4-ACC7-6CC8-6252FC2FDA40">
<sourceConnName>DEFAULT</sourceConnName>
<sourceObjSchema>FOOD_INGREDIENT</sourceObjSchema>
<sourceObjName>INGREDIENT_COUNT</sourceObjName>
<createdBy>kvetinac97</createdBy>
<createdTime>2020-03-02 16:59:19 UTC</createdTime>
<ownerDesignName>semestralka</ownerDesignName>
<useDomainConstraints>false</useDomainConstraints>
<use>1</use>
<logicalDatatype>LOGDT019</logicalDatatype>
<ownDataTypeParameters>,,</ownDataTypeParameters>
<autoIncrementCycle>false</autoIncrementCycle>
</Column>
<Column name="UNIT" id="0118C294-727B-A107-B437-5DF594BBD578">
<sourceConnName>DEFAULT</sourceConnName>
<sourceObjSchema>FOOD_INGREDIENT</sourceObjSchema>
<sourceObjName>UNIT</sourceObjName>
<createdBy>kvetinac97</createdBy>
<createdTime>2020-03-02 16:59:19 UTC</createdTime>
<ownerDesignName>semestralka</ownerDesignName>
<useDomainConstraints>false</useDomainConstraints>
<use>1</use>
<logicalDatatype>LOGDT024</logicalDatatype>
<dataTypeSize>8 BYTE</dataTypeSize>
<ownDataTypeParameters>8 BYTE,,</ownDataTypeParameters>
<autoIncrementCycle>false</autoIncrementCycle>
</Column>
<Column name="INGREDIENT_ID" id="E4988D1A-221A-CF99-7E98-BD2A4CD3E195">
<sourceConnName>DEFAULT</sourceConnName>
<sourceObjSchema>FOOD_INGREDIENT</sourceObjSchema>
<sourceObjName>INGREDIENT_ID</sourceObjName>
<createdBy>kvetinac97</createdBy>
<createdTime>2020-03-02 16:59:19 UTC</createdTime>
<ownerDesignName>semestralka</ownerDesignName>
<useDomainConstraints>false</useDomainConstraints>
<use>1</use>
<logicalDatatype>LOGDT019</logicalDatatype>
<ownDataTypeParameters>,,</ownDataTypeParameters>
<autoIncrementCycle>false</autoIncrementCycle>
<associations>
<colAssociation fkAssociation="03BE730B-BBA1-D724-20A3-1588BE5AF38F" referredColumn="14B83959-9F36-2C4F-35DC-9E79F2B5172D"/>
</associations>
</Column>
<Column name="FOOD_ID" id="6688108B-B5E4-FD6D-BC8A-9F6B955307BB">
<sourceConnName>DEFAULT</sourceConnName>
<sourceObjSchema>FOOD_INGREDIENT</sourceObjSchema>
<sourceObjName>FOOD_ID</sourceObjName>
<createdBy>kvetinac97</createdBy>
<createdTime>2020-03-02 16:59:19 UTC</createdTime>
<ownerDesignName>semestralka</ownerDesignName>
<useDomainConstraints>false</useDomainConstraints>
<use>1</use>
<logicalDatatype>LOGDT019</logicalDatatype>
<ownDataTypeParameters>,,</ownDataTypeParameters>
<autoIncrementCycle>false</autoIncrementCycle>
<associations>
<colAssociation fkAssociation="720C356D-0FAF-92E4-4AA4-D484BB306E48" referredColumn="6CC0840D-7BC4-A5D7-6EDE-A7F49EF37AD3"/>
</associations>
</Column>
</columns>
<indexes itemClass="oracle.dbtools.crest.model.design.relational.Index">
<ind_PK_UK id="87165F2C-E88C-90B8-4933-A9BAA6015BF9" name="FOOD_INGREDIENT_PK">
<sourceConnName>DEFAULT</sourceConnName>
<sourceObjSchema>WRZECOND</sourceObjSchema>
<sourceObjName>FOOD_INGREDIENT_PK</sourceObjName>
<createdBy>kvetinac97</createdBy>
<createdTime>2020-03-02 16:59:22 UTC</createdTime>
<ownerDesignName>semestralka</ownerDesignName>
<pk>true</pk>
<indexState>Primary Constraint</indexState>
<isSurrogateKey>false</isSurrogateKey>
<indexColumnUsage>
<colUsage columnID="E4988D1A-221A-CF99-7E98-BD2A4CD3E195"/>
<colUsage columnID="6688108B-B5E4-FD6D-BC8A-9F6B955307BB"/>
</indexColumnUsage>
</ind_PK_UK>
<ind_PK_UK id="F6AA5DCB-7681-D6EF-02E0-D0399EEF2DA0" schemaObject="EE873A43-7278-12DD-02F7-DCBD928AD899" name="FOOD_INGREDIENT_PK">
<sourceConnName>DEFAULT</sourceConnName>
<sourceObjSchema>WRZECOND</sourceObjSchema>
<sourceObjName>FOOD_INGREDIENT_PK</sourceObjName>
<createdBy>kvetinac97</createdBy>
<createdTime>2020-03-02 16:59:19 UTC</createdTime>
<ownerDesignName>semestralka</ownerDesignName>
<indexState>Unique Plain Index</indexState>
<isSurrogateKey>false</isSurrogateKey>
<indexColumnUsage>
<colUsage columnID="E4988D1A-221A-CF99-7E98-BD2A4CD3E195"/>
<colUsage columnID="6688108B-B5E4-FD6D-BC8A-9F6B955307BB"/>
</indexColumnUsage>
</ind_PK_UK>
<ind_PK_UK id="431CCACF-63DF-5ADE-D9A5-6DAE8F3C3BBE" name="FOOD_INGREDIENT_FK1">
<createdBy>kvetinac97</createdBy>
<createdTime>2020-03-02 16:59:23 UTC</createdTime>
<ownerDesignName>semestralka</ownerDesignName>
<indexState>Foreign Key</indexState>
<isSurrogateKey>false</isSurrogateKey>
<indexColumnUsage>
<colUsage columnID="E4988D1A-221A-CF99-7E98-BD2A4CD3E195"/>
</indexColumnUsage>
</ind_PK_UK>
<ind_PK_UK id="736511E9-F949-7F43-839D-D436FDCE5821" name="FOOD_INGREDIENT_FK2">
<createdBy>kvetinac97</createdBy>
<createdTime>2020-03-02 16:59:23 UTC</createdTime>
<ownerDesignName>semestralka</ownerDesignName>
<indexState>Foreign Key</indexState>
<isSurrogateKey>false</isSurrogateKey>
<indexColumnUsage>
<colUsage columnID="6688108B-B5E4-FD6D-BC8A-9F6B955307BB"/>
</indexColumnUsage>
</ind_PK_UK>
</indexes>
</Table>
