<?xml version = '1.0' encoding = 'UTF-8'?>
<Table class="oracle.dbtools.crest.model.design.relational.Table" directorySegmentName="seg_0" id="CC13DB3C-5177-1142-98D0-EC4411222BBC" name="ORDER_FOOD">
<sourceConnName>DEFAULT</sourceConnName>
<sourceObjSchema>WRZECOND</sourceObjSchema>
<sourceObjName>ORDER_FOOD</sourceObjName>
<createdBy>kvetinac97</createdBy>
<createdTime>2020-03-02 16:59:18 UTC</createdTime>
<ownerDesignName>semestralka</ownerDesignName>
<allowColumnReorder>false</allowColumnReorder>
<existDependencyGenerateInDDl>true</existDependencyGenerateInDDl>
<parsed>true</parsed>
<columns itemClass="oracle.dbtools.crest.model.design.relational.Column">
<Column name="FOOD_COUNT" id="373AB007-4651-49C5-1232-03EB98219FB2">
<sourceConnName>DEFAULT</sourceConnName>
<sourceObjSchema>ORDER_FOOD</sourceObjSchema>
<sourceObjName>FOOD_COUNT</sourceObjName>
<createdBy>kvetinac97</createdBy>
<createdTime>2020-03-02 16:59:19 UTC</createdTime>
<ownerDesignName>semestralka</ownerDesignName>
<useDomainConstraints>false</useDomainConstraints>
<use>1</use>
<logicalDatatype>LOGDT019</logicalDatatype>
<ownDataTypeParameters>,,</ownDataTypeParameters>
<autoIncrementCycle>false</autoIncrementCycle>
</Column>
<Column name="FOOD_ID" id="DC114E20-9A39-3E0A-2850-5343D49884DF">
<sourceConnName>DEFAULT</sourceConnName>
<sourceObjSchema>ORDER_FOOD</sourceObjSchema>
<sourceObjName>FOOD_ID</sourceObjName>
<createdBy>kvetinac97</createdBy>
<createdTime>2020-03-02 16:59:19 UTC</createdTime>
<ownerDesignName>semestralka</ownerDesignName>
<useDomainConstraints>false</useDomainConstraints>
<use>1</use>
<logicalDatatype>LOGDT019</logicalDatatype>
<ownDataTypeParameters>,,</ownDataTypeParameters>
<autoIncrementCycle>false</autoIncrementCycle>
<associations>
<colAssociation fkAssociation="BD139DA0-8FF0-981E-2FF3-C620487C74E6" referredColumn="6CC0840D-7BC4-A5D7-6EDE-A7F49EF37AD3"/>
</associations>
</Column>
<Column name="TABLE_ID" id="A5B3516E-348B-D0F3-EDBB-628578F3724B">
<createdBy>kvetinac97</createdBy>
<createdTime>2020-03-19 12:03:30 UTC</createdTime>
<ownerDesignName>semestralka</ownerDesignName>
<useDomainConstraints>false</useDomainConstraints>
<use>1</use>
<logicalDatatype>LOGDT019</logicalDatatype>
<ownDataTypeParameters>,,</ownDataTypeParameters>
<previousColumn>false</previousColumn>
<autoIncrementCycle>false</autoIncrementCycle>
<associations>
<colAssociation fkAssociation="513A2DFB-43A4-F90D-C62A-A4FE73E50515" referredColumn="907776B5-39BC-FB8C-26AE-D6115DA61FD4"/>
</associations>
</Column>
<Column name="RESTAURANT_ID" id="9A78DBFF-1C05-630E-2C45-BEAF70A9157E">
<createdBy>kvetinac97</createdBy>
<createdTime>2020-03-19 12:03:30 UTC</createdTime>
<ownerDesignName>semestralka</ownerDesignName>
<useDomainConstraints>false</useDomainConstraints>
<use>1</use>
<logicalDatatype>LOGDT019</logicalDatatype>
<ownDataTypeParameters>,,</ownDataTypeParameters>
<previousColumn>false</previousColumn>
<autoIncrementCycle>false</autoIncrementCycle>
<associations>
<colAssociation fkAssociation="513A2DFB-43A4-F90D-C62A-A4FE73E50515" referredColumn="6F8EF562-8CF1-B407-B18C-F21772535916"/>
</associations>
</Column>
</columns>
<indexes itemClass="oracle.dbtools.crest.model.design.relational.Index">
<ind_PK_UK id="6FEF62C9-7A6E-0538-AF6A-A00A91ACCBAC" name="ORDER_FOOD_PK">
<sourceConnName>DEFAULT</sourceConnName>
<sourceObjSchema>WRZECOND</sourceObjSchema>
<sourceObjName>ORDER_FOOD_PK</sourceObjName>
<createdBy>kvetinac97</createdBy>
<createdTime>2020-03-02 16:59:22 UTC</createdTime>
<ownerDesignName>semestralka</ownerDesignName>
<pk>true</pk>
<indexState>Primary Constraint</indexState>
<isSurrogateKey>false</isSurrogateKey>
<indexColumnUsage>
<colUsage columnID="DC114E20-9A39-3E0A-2850-5343D49884DF"/>
<colUsage columnID="A5B3516E-348B-D0F3-EDBB-628578F3724B"/>
<colUsage columnID="9A78DBFF-1C05-630E-2C45-BEAF70A9157E"/>
</indexColumnUsage>
</ind_PK_UK>
<ind_PK_UK id="B64E7BAC-9F10-DA0A-CF8D-1C9C4E694883" schemaObject="EE873A43-7278-12DD-02F7-DCBD928AD899" name="ORDER_FOOD_PK">
<sourceConnName>DEFAULT</sourceConnName>
<sourceObjSchema>WRZECOND</sourceObjSchema>
<sourceObjName>ORDER_FOOD_PK</sourceObjName>
<createdBy>kvetinac97</createdBy>
<createdTime>2020-03-02 16:59:19 UTC</createdTime>
<ownerDesignName>semestralka</ownerDesignName>
<indexState>Unique Plain Index</indexState>
<isSurrogateKey>false</isSurrogateKey>
<indexColumnUsage>
<colUsage columnID="DC114E20-9A39-3E0A-2850-5343D49884DF"/>
</indexColumnUsage>
</ind_PK_UK>
<ind_PK_UK id="20046765-0DDE-54CA-40DE-923CD8039CFB" name="ORDER_FOOD_FK1">
<createdBy>kvetinac97</createdBy>
<createdTime>2020-03-02 16:59:23 UTC</createdTime>
<ownerDesignName>semestralka</ownerDesignName>
<indexState>Foreign Key</indexState>
<isSurrogateKey>false</isSurrogateKey>
<indexColumnUsage>
<colUsage columnID="DC114E20-9A39-3E0A-2850-5343D49884DF"/>
</indexColumnUsage>
</ind_PK_UK>
<ind_PK_UK id="637387F2-AF71-2C6D-1BD5-DD5CA6AF99E2" name="ORDER_FOOD_FK2">
<createdBy>kvetinac97</createdBy>
<createdTime>2020-03-19 12:03:30 UTC</createdTime>
<ownerDesignName>semestralka</ownerDesignName>
<indexState>Foreign Key</indexState>
<isSurrogateKey>false</isSurrogateKey>
<indexColumnUsage>
<colUsage columnID="A5B3516E-348B-D0F3-EDBB-628578F3724B"/>
<colUsage columnID="9A78DBFF-1C05-630E-2C45-BEAF70A9157E"/>
</indexColumnUsage>
</ind_PK_UK>
</indexes>
</Table>
