<?xml version = '1.0' encoding = 'UTF-8'?>
<Table class="oracle.dbtools.crest.model.design.relational.Table" directorySegmentName="seg_0" id="F60FC951-03B8-DBB6-51CF-C9999F5D7AAB" name="EMPLOYEE">
<sourceConnName>DEFAULT</sourceConnName>
<sourceObjSchema>WRZECOND</sourceObjSchema>
<sourceObjName>EMPLOYEE</sourceObjName>
<createdBy>kvetinac97</createdBy>
<createdTime>2020-03-02 16:59:18 UTC</createdTime>
<ownerDesignName>semestralka</ownerDesignName>
<allowColumnReorder>false</allowColumnReorder>
<existDependencyGenerateInDDl>true</existDependencyGenerateInDDl>
<parsed>true</parsed>
<columns itemClass="oracle.dbtools.crest.model.design.relational.Column">
<Column name="ID" id="0AF7C65F-DB17-EDAF-3548-DC0C70E030CB">
<sourceConnName>DEFAULT</sourceConnName>
<sourceObjSchema>EMPLOYEE</sourceObjSchema>
<sourceObjName>ID</sourceObjName>
<createdBy>kvetinac97</createdBy>
<createdTime>2020-03-02 16:59:18 UTC</createdTime>
<ownerDesignName>semestralka</ownerDesignName>
<useDomainConstraints>false</useDomainConstraints>
<use>1</use>
<logicalDatatype>LOGDT019</logicalDatatype>
<ownDataTypeParameters>,,</ownDataTypeParameters>
<autoIncrementCycle>false</autoIncrementCycle>
</Column>
<Column name="COOK" id="6C0A1ED6-C2D0-979D-0703-5BA6EFD75532">
<sourceConnName>DEFAULT</sourceConnName>
<sourceObjSchema>EMPLOYEE</sourceObjSchema>
<sourceObjName>COOK</sourceObjName>
<createdBy>kvetinac97</createdBy>
<createdTime>2020-03-02 16:59:18 UTC</createdTime>
<ownerDesignName>semestralka</ownerDesignName>
<useDomainConstraints>false</useDomainConstraints>
<use>1</use>
<logicalDatatype>LOGDT019</logicalDatatype>
<ownDataTypeParameters>,,</ownDataTypeParameters>
<autoIncrementCycle>false</autoIncrementCycle>
</Column>
<Column name="FIRST_NAME" id="34127C2B-20BE-5897-3FD3-43F27A25EA9A">
<sourceConnName>DEFAULT</sourceConnName>
<sourceObjSchema>EMPLOYEE</sourceObjSchema>
<sourceObjName>FIRST_NAME</sourceObjName>
<createdBy>kvetinac97</createdBy>
<createdTime>2020-03-02 16:59:18 UTC</createdTime>
<ownerDesignName>semestralka</ownerDesignName>
<useDomainConstraints>false</useDomainConstraints>
<use>1</use>
<logicalDatatype>LOGDT024</logicalDatatype>
<dataTypeSize>64 BYTE</dataTypeSize>
<ownDataTypeParameters>64 BYTE,,</ownDataTypeParameters>
<autoIncrementCycle>false</autoIncrementCycle>
</Column>
<Column name="LAST_NAME" id="8D08B8F0-FF80-F60D-F17D-A5987E6F7733">
<sourceConnName>DEFAULT</sourceConnName>
<sourceObjSchema>EMPLOYEE</sourceObjSchema>
<sourceObjName>LAST_NAME</sourceObjName>
<createdBy>kvetinac97</createdBy>
<createdTime>2020-03-02 16:59:18 UTC</createdTime>
<ownerDesignName>semestralka</ownerDesignName>
<useDomainConstraints>false</useDomainConstraints>
<use>1</use>
<logicalDatatype>LOGDT024</logicalDatatype>
<dataTypeSize>64 BYTE</dataTypeSize>
<ownDataTypeParameters>64 BYTE,,</ownDataTypeParameters>
<autoIncrementCycle>false</autoIncrementCycle>
</Column>
<Column name="SALARY" id="FF6731D0-E158-9ACF-0AD2-9E6EB4786259">
<sourceConnName>DEFAULT</sourceConnName>
<sourceObjSchema>EMPLOYEE</sourceObjSchema>
<sourceObjName>SALARY</sourceObjName>
<createdBy>kvetinac97</createdBy>
<createdTime>2020-03-02 16:59:18 UTC</createdTime>
<ownerDesignName>semestralka</ownerDesignName>
<useDomainConstraints>false</useDomainConstraints>
<use>1</use>
<logicalDatatype>LOGDT019</logicalDatatype>
<ownDataTypeParameters>,,</ownDataTypeParameters>
<autoIncrementCycle>false</autoIncrementCycle>
</Column>
<Column name="RESTAURANT_ID" id="D1EB21A7-2C53-222C-C920-E7D073DC6D57">
<sourceConnName>DEFAULT</sourceConnName>
<sourceObjSchema>EMPLOYEE</sourceObjSchema>
<sourceObjName>RESTAURANT_ID</sourceObjName>
<createdBy>kvetinac97</createdBy>
<createdTime>2020-03-02 16:59:18 UTC</createdTime>
<ownerDesignName>semestralka</ownerDesignName>
<useDomainConstraints>false</useDomainConstraints>
<use>1</use>
<logicalDatatype>LOGDT019</logicalDatatype>
<ownDataTypeParameters>,,</ownDataTypeParameters>
<autoIncrementCycle>false</autoIncrementCycle>
<associations>
<colAssociation fkAssociation="5727F322-F27C-E8BB-BC5B-AF91BD2E9931" referredColumn="792A357A-4D6B-A06A-FA98-FE79356849B4"/>
</associations>
</Column>
<Column name="MANAGER_ID" id="7099A93C-CB78-FDFA-9168-FCC1ACA68B98">
<sourceConnName>DEFAULT</sourceConnName>
<sourceObjSchema>EMPLOYEE</sourceObjSchema>
<sourceObjName>MANAGER_ID</sourceObjName>
<createdBy>kvetinac97</createdBy>
<createdTime>2020-03-02 16:59:18 UTC</createdTime>
<ownerDesignName>semestralka</ownerDesignName>
<useDomainConstraints>false</useDomainConstraints>
<use>1</use>
<logicalDatatype>LOGDT019</logicalDatatype>
<ownDataTypeParameters>,,</ownDataTypeParameters>
<autoIncrementCycle>false</autoIncrementCycle>
</Column>
</columns>
<indexes itemClass="oracle.dbtools.crest.model.design.relational.Index">
<ind_PK_UK id="A8D05989-B8F4-B664-AA79-9A7A9AB4EDE6" name="EMPLOYEE_PK">
<sourceConnName>DEFAULT</sourceConnName>
<sourceObjSchema>WRZECOND</sourceObjSchema>
<sourceObjName>EMPLOYEE_PK</sourceObjName>
<createdBy>kvetinac97</createdBy>
<createdTime>2020-03-02 16:59:21 UTC</createdTime>
<ownerDesignName>semestralka</ownerDesignName>
<pk>true</pk>
<indexState>Primary Constraint</indexState>
<isSurrogateKey>false</isSurrogateKey>
<indexColumnUsage>
<colUsage columnID="0AF7C65F-DB17-EDAF-3548-DC0C70E030CB"/>
</indexColumnUsage>
</ind_PK_UK>
<ind_PK_UK id="A7B04A99-A8CD-1505-CAB2-AB2FE141F741" schemaObject="EE873A43-7278-12DD-02F7-DCBD928AD899" name="EMPLOYEE_PK">
<sourceConnName>DEFAULT</sourceConnName>
<sourceObjSchema>WRZECOND</sourceObjSchema>
<sourceObjName>EMPLOYEE_PK</sourceObjName>
<createdBy>kvetinac97</createdBy>
<createdTime>2020-03-02 16:59:19 UTC</createdTime>
<ownerDesignName>semestralka</ownerDesignName>
<indexState>Unique Plain Index</indexState>
<isSurrogateKey>false</isSurrogateKey>
<indexColumnUsage>
<colUsage columnID="0AF7C65F-DB17-EDAF-3548-DC0C70E030CB"/>
</indexColumnUsage>
</ind_PK_UK>
<ind_PK_UK id="886FB9F6-E72B-EDEF-2663-5A59E6DF5F8F" name="EMPLOYEE_FK1">
<createdBy>kvetinac97</createdBy>
<createdTime>2020-03-02 16:59:23 UTC</createdTime>
<ownerDesignName>semestralka</ownerDesignName>
<indexState>Foreign Key</indexState>
<isSurrogateKey>false</isSurrogateKey>
<indexColumnUsage>
<colUsage columnID="D1EB21A7-2C53-222C-C920-E7D073DC6D57"/>
</indexColumnUsage>
</ind_PK_UK>
</indexes>
</Table>
