<?xml version = '1.0' encoding = 'UTF-8'?>
<FKIndexAssociation class="oracle.dbtools.crest.model.design.relational.FKIndexAssociation" directorySegmentName="seg_0" id="03BE730B-BBA1-D724-20A3-1588BE5AF38F" containerWithKeyObject="C80287A9-F1E0-0126-FDDC-37924DD060B8" localFKIndex="431CCACF-63DF-5ADE-D9A5-6DAE8F3C3BBE" name="FOOD_INGREDIENT_FK1">
<sourceConnName>DEFAULT</sourceConnName>
<sourceObjSchema>WRZECOND</sourceObjSchema>
<sourceObjName>FOOD_INGREDIENT_FK1</sourceObjName>
<createdBy>kvetinac97</createdBy>
<createdTime>2020-03-02 16:59:23 UTC</createdTime>
<ownerDesignName>semestralka</ownerDesignName>
<referredTableLongName>WRZECOND.INGREDIENT</referredTableLongName>
<deleteRule>NO ACTION</deleteRule>
<referredTableID>90B59A3A-7ED9-EF18-C166-2A5356B409B2</referredTableID>
<keyObject>2D06305F-6CE1-4600-F53D-D60249B4DFB1</keyObject>
<referredKeyID>2D06305F-6CE1-4600-F53D-D60249B4DFB1</referredKeyID>
<mandatory>true</mandatory>
<refColNames>ID</refColNames>
<transferable>true</transferable>
<rely>false</rely>
<columnDependencyConstraintGenerateInDDL>true</columnDependencyConstraintGenerateInDDL>
</FKIndexAssociation>
