<?xml version = '1.0' encoding = 'UTF-8'?>
<FKIndexAssociation class="oracle.dbtools.crest.model.design.relational.FKIndexAssociation" directorySegmentName="seg_0" id="46E4E736-B30B-CEDC-E0FD-D731C1D45111" containerWithKeyObject="AE2DDA42-9CEC-65DE-DA63-03594FE53709" localFKIndex="5687ABE4-9579-8001-E6C5-816AB4C7FBB7" name="TTABLE_FK1">
<sourceConnName>DEFAULT</sourceConnName>
<sourceObjSchema>WRZECOND</sourceObjSchema>
<sourceObjName>TTABLE_FK1</sourceObjName>
<createdBy>kvetinac97</createdBy>
<createdTime>2020-03-02 16:59:23 UTC</createdTime>
<ownerDesignName>semestralka</ownerDesignName>
<referredTableLongName>WRZECOND.EMPLOYEE</referredTableLongName>
<deleteRule>NO ACTION</deleteRule>
<referredTableID>F60FC951-03B8-DBB6-51CF-C9999F5D7AAB</referredTableID>
<keyObject>A8D05989-B8F4-B664-AA79-9A7A9AB4EDE6</keyObject>
<referredKeyID>A8D05989-B8F4-B664-AA79-9A7A9AB4EDE6</referredKeyID>
<mandatory>true</mandatory>
<refColNames>ID</refColNames>
<transferable>true</transferable>
<rely>false</rely>
<columnDependencyConstraintGenerateInDDL>true</columnDependencyConstraintGenerateInDDL>
</FKIndexAssociation>
