<?xml version = '1.0' encoding = 'UTF-8'?>
<FKIndexAssociation class="oracle.dbtools.crest.model.design.relational.FKIndexAssociation" directorySegmentName="seg_0" id="513A2DFB-43A4-F90D-C62A-A4FE73E50515" containerWithKeyObject="CC13DB3C-5177-1142-98D0-EC4411222BBC" localFKIndex="637387F2-AF71-2C6D-1BD5-DD5CA6AF99E2" name="ORDER_FOOD_FK2">
<createdBy>kvetinac97</createdBy>
<createdTime>2020-03-19 12:03:30 UTC</createdTime>
<ownerDesignName>semestralka</ownerDesignName>
<referredTableLongName>TTABLE</referredTableLongName>
<deleteRule>NO ACTION</deleteRule>
<referredTableID>AE2DDA42-9CEC-65DE-DA63-03594FE53709</referredTableID>
<keyObject>0F183A7A-5045-965D-660C-1744BF9BF409</keyObject>
<referredKeyID>0F183A7A-5045-965D-660C-1744BF9BF409</referredKeyID>
<mandatory>true</mandatory>
<refColNames>ID,RESTAURANT_ID</refColNames>
<transferable>true</transferable>
<rely>false</rely>
<columnDependencyConstraintGenerateInDDL>true</columnDependencyConstraintGenerateInDDL>
</FKIndexAssociation>
