<?xml version = '1.0' encoding = 'UTF-8'?>
<FKIndexAssociation class="oracle.dbtools.crest.model.design.relational.FKIndexAssociation" directorySegmentName="seg_0" id="5727F322-F27C-E8BB-BC5B-AF91BD2E9931" containerWithKeyObject="F60FC951-03B8-DBB6-51CF-C9999F5D7AAB" localFKIndex="886FB9F6-E72B-EDEF-2663-5A59E6DF5F8F" name="EMPLOYEE_FK1">
<sourceConnName>DEFAULT</sourceConnName>
<sourceObjSchema>WRZECOND</sourceObjSchema>
<sourceObjName>EMPLOYEE_FK2</sourceObjName>
<createdBy>kvetinac97</createdBy>
<createdTime>2020-03-02 16:59:23 UTC</createdTime>
<ownerDesignName>semestralka</ownerDesignName>
<referredTableLongName>WRZECOND.RESTAURANT</referredTableLongName>
<deleteRule>NO ACTION</deleteRule>
<referredTableID>C38BBCBC-D4F4-1B29-E887-E25597BEE550</referredTableID>
<keyObject>7BD3E3C2-416A-45E6-4776-2410A8EE97F5</keyObject>
<referredKeyID>7BD3E3C2-416A-45E6-4776-2410A8EE97F5</referredKeyID>
<mandatory>true</mandatory>
<refColNames>ID</refColNames>
<transferable>true</transferable>
<rely>false</rely>
<columnDependencyConstraintGenerateInDDL>true</columnDependencyConstraintGenerateInDDL>
</FKIndexAssociation>
