<?xml version = '1.0' encoding = 'UTF-8'?>
<FKIndexAssociation class="oracle.dbtools.crest.model.design.relational.FKIndexAssociation" directorySegmentName="seg_0" id="720C356D-0FAF-92E4-4AA4-D484BB306E48" containerWithKeyObject="C80287A9-F1E0-0126-FDDC-37924DD060B8" localFKIndex="736511E9-F949-7F43-839D-D436FDCE5821" name="FOOD_INGREDIENT_FK2">
<sourceConnName>DEFAULT</sourceConnName>
<sourceObjSchema>WRZECOND</sourceObjSchema>
<sourceObjName>FOOD_INGREDIENT_FK2</sourceObjName>
<createdBy>kvetinac97</createdBy>
<createdTime>2020-03-02 16:59:23 UTC</createdTime>
<ownerDesignName>semestralka</ownerDesignName>
<referredTableLongName>WRZECOND.FOOD</referredTableLongName>
<deleteRule>NO ACTION</deleteRule>
<referredTableID>3B87B76C-2111-A36F-0D72-6373D4C2952D</referredTableID>
<keyObject>061E3396-9D76-C29D-9A2E-4F3E1C6F56B1</keyObject>
<referredKeyID>061E3396-9D76-C29D-9A2E-4F3E1C6F56B1</referredKeyID>
<mandatory>true</mandatory>
<refColNames>ID</refColNames>
<transferable>true</transferable>
<rely>false</rely>
<columnDependencyConstraintGenerateInDDL>true</columnDependencyConstraintGenerateInDDL>
</FKIndexAssociation>
