<?xml version = '1.0' encoding = 'UTF-8'?>
<FKIndexAssociation class="oracle.dbtools.crest.model.design.relational.FKIndexAssociation" directorySegmentName="seg_0" id="97140C2E-872B-C510-7099-97BE5CB3E981" containerWithKeyObject="C072432F-CF74-DFE7-D69C-3C68BE2CA177" localFKIndex="A4092D85-C2F1-F982-BFD4-190051AA3405" name="CUSTOMER_FK1">
<sourceConnName>DEFAULT</sourceConnName>
<sourceObjSchema>WRZECOND</sourceObjSchema>
<sourceObjName>CUSTOMER_FK2</sourceObjName>
<createdBy>kvetinac97</createdBy>
<createdTime>2020-03-02 16:59:23 UTC</createdTime>
<ownerDesignName>semestralka</ownerDesignName>
<referredTableLongName>TTABLE</referredTableLongName>
<deleteRule>NO ACTION</deleteRule>
<referredTableID>AE2DDA42-9CEC-65DE-DA63-03594FE53709</referredTableID>
<keyObject>0F183A7A-5045-965D-660C-1744BF9BF409</keyObject>
<referredKeyID>0F183A7A-5045-965D-660C-1744BF9BF409</referredKeyID>
<mandatory>true</mandatory>
<refColNames>ID,RESTAURANT_ID</refColNames>
<transferable>true</transferable>
<rely>false</rely>
<columnDependencyConstraintGenerateInDDL>true</columnDependencyConstraintGenerateInDDL>
</FKIndexAssociation>
