<?xml version = '1.0' encoding = 'UTF-8'?>
<FKIndexAssociation class="oracle.dbtools.crest.model.design.relational.FKIndexAssociation" directorySegmentName="seg_0" id="BD139DA0-8FF0-981E-2FF3-C620487C74E6" containerWithKeyObject="CC13DB3C-5177-1142-98D0-EC4411222BBC" localFKIndex="20046765-0DDE-54CA-40DE-923CD8039CFB" name="ORDER_FOOD_FK1">
<sourceConnName>DEFAULT</sourceConnName>
<sourceObjSchema>WRZECOND</sourceObjSchema>
<sourceObjName>ORDER_FOOD_FK1</sourceObjName>
<createdBy>kvetinac97</createdBy>
<createdTime>2020-03-02 16:59:23 UTC</createdTime>
<ownerDesignName>semestralka</ownerDesignName>
<referredTableLongName>WRZECOND.FOOD</referredTableLongName>
<deleteRule>NO ACTION</deleteRule>
<referredTableID>3B87B76C-2111-A36F-0D72-6373D4C2952D</referredTableID>
<keyObject>061E3396-9D76-C29D-9A2E-4F3E1C6F56B1</keyObject>
<referredKeyID>061E3396-9D76-C29D-9A2E-4F3E1C6F56B1</referredKeyID>
<mandatory>true</mandatory>
<refColNames>ID</refColNames>
<transferable>true</transferable>
<rely>false</rely>
<columnDependencyConstraintGenerateInDDL>true</columnDependencyConstraintGenerateInDDL>
</FKIndexAssociation>
