<?xml version = '1.0' encoding = 'UTF-8'?>
<FKIndexAssociation class="oracle.dbtools.crest.model.design.relational.FKIndexAssociation" directorySegmentName="seg_0" id="CAA0F6F7-8A24-DA04-20AF-8245155EE39E" containerWithKeyObject="6B868E0A-0C62-9E03-20C7-99F43EC4CB24" localFKIndex="A3CFE230-D3F5-71AB-FA9B-EF83AFAB6464" name="INGREDIENT_COUNT_FK1">
<sourceConnName>DEFAULT</sourceConnName>
<sourceObjSchema>WRZECOND</sourceObjSchema>
<sourceObjName>INGREDIENT_COUNT_FK1</sourceObjName>
<createdBy>kvetinac97</createdBy>
<createdTime>2020-03-02 16:59:23 UTC</createdTime>
<ownerDesignName>semestralka</ownerDesignName>
<referredTableLongName>WRZECOND.INGREDIENT</referredTableLongName>
<deleteRule>NO ACTION</deleteRule>
<referredTableID>90B59A3A-7ED9-EF18-C166-2A5356B409B2</referredTableID>
<keyObject>2D06305F-6CE1-4600-F53D-D60249B4DFB1</keyObject>
<referredKeyID>2D06305F-6CE1-4600-F53D-D60249B4DFB1</referredKeyID>
<mandatory>true</mandatory>
<refColNames>ID</refColNames>
<transferable>true</transferable>
<rely>false</rely>
<columnDependencyConstraintGenerateInDDL>true</columnDependencyConstraintGenerateInDDL>
</FKIndexAssociation>
