<?xml version = '1.0' encoding = 'UTF-8'?>
<FKIndexAssociation class="oracle.dbtools.crest.model.design.relational.FKIndexAssociation" directorySegmentName="seg_0" id="D9C3F639-3EF8-2F42-824C-A83A2B3D8D23" containerWithKeyObject="C38BBCBC-D4F4-1B29-E887-E25597BEE550" localFKIndex="1D65EA13-2C01-3157-C175-42BFC8B608EA" name="RESTAURANT_FK1">
<sourceConnName>DEFAULT</sourceConnName>
<sourceObjSchema>WRZECOND</sourceObjSchema>
<sourceObjName>RESTAURANT_FK1</sourceObjName>
<createdBy>kvetinac97</createdBy>
<createdTime>2020-03-02 16:59:23 UTC</createdTime>
<ownerDesignName>semestralka</ownerDesignName>
<referredTableLongName>WRZECOND.MANAGER</referredTableLongName>
<deleteRule>NO ACTION</deleteRule>
<referredTableID>5203DC83-58DE-91AD-D565-61F8DB540AAF</referredTableID>
<keyObject>6BD624C7-C3E8-541D-9EAB-EDEA59959EAF</keyObject>
<referredKeyID>6BD624C7-C3E8-541D-9EAB-EDEA59959EAF</referredKeyID>
<mandatory>true</mandatory>
<refColNames>ID</refColNames>
<transferable>true</transferable>
<rely>false</rely>
<columnDependencyConstraintGenerateInDDL>true</columnDependencyConstraintGenerateInDDL>
</FKIndexAssociation>
