<?xml version = '1.0' encoding = 'UTF-8'?>
<FKIndexAssociation class="oracle.dbtools.crest.model.design.relational.FKIndexAssociation" directorySegmentName="seg_0" id="F77F01DE-5203-FD58-4038-BA890E9821E7" containerWithKeyObject="6B868E0A-0C62-9E03-20C7-99F43EC4CB24" localFKIndex="754A5C66-0214-E826-DBA4-C10BF320584E" name="INGREDIENT_COUNT_FK2">
<sourceConnName>DEFAULT</sourceConnName>
<sourceObjSchema>WRZECOND</sourceObjSchema>
<sourceObjName>INGREDIENT_COUNT_FK2</sourceObjName>
<createdBy>kvetinac97</createdBy>
<createdTime>2020-03-02 16:59:23 UTC</createdTime>
<ownerDesignName>semestralka</ownerDesignName>
<referredTableLongName>WRZECOND.RESTAURANT</referredTableLongName>
<deleteRule>NO ACTION</deleteRule>
<referredTableID>C38BBCBC-D4F4-1B29-E887-E25597BEE550</referredTableID>
<keyObject>7BD3E3C2-416A-45E6-4776-2410A8EE97F5</keyObject>
<referredKeyID>7BD3E3C2-416A-45E6-4776-2410A8EE97F5</referredKeyID>
<mandatory>true</mandatory>
<refColNames>ID</refColNames>
<transferable>true</transferable>
<rely>false</rely>
<columnDependencyConstraintGenerateInDDL>true</columnDependencyConstraintGenerateInDDL>
</FKIndexAssociation>
