<?xml version = '1.0' encoding = 'UTF-8'?>
<FKIndexAssociation class="oracle.dbtools.crest.model.design.relational.FKIndexAssociation" directorySegmentName="seg_0" id="FBED1AD0-6E5A-0671-4915-7F9F804AAB82" containerWithKeyObject="AE2DDA42-9CEC-65DE-DA63-03594FE53709" localFKIndex="9A7C5C90-A23B-E619-364B-249A84B2625B" name="TTABLE_FK2">
<sourceConnName>DEFAULT</sourceConnName>
<sourceObjSchema>WRZECOND</sourceObjSchema>
<sourceObjName>TTABLE_FK2</sourceObjName>
<createdBy>kvetinac97</createdBy>
<createdTime>2020-03-02 16:59:23 UTC</createdTime>
<ownerDesignName>semestralka</ownerDesignName>
<referredTableLongName>WRZECOND.RESTAURANT</referredTableLongName>
<deleteRule>NO ACTION</deleteRule>
<referredTableID>C38BBCBC-D4F4-1B29-E887-E25597BEE550</referredTableID>
<keyObject>7BD3E3C2-416A-45E6-4776-2410A8EE97F5</keyObject>
<referredKeyID>7BD3E3C2-416A-45E6-4776-2410A8EE97F5</referredKeyID>
<mandatory>true</mandatory>
<refColNames>ID</refColNames>
<transferable>true</transferable>
<rely>false</rely>
<columnDependencyConstraintGenerateInDDL>true</columnDependencyConstraintGenerateInDDL>
</FKIndexAssociation>
